,district,plot_number,taxpayer_men,taxpayer_women,no_tax_men,no_tax_women,in_russia_men,in_russia_women,total_men,total_women,independent,servants,unemployed,orthodox,other_christian,other_religion,draftable
0,Valli,1,1.0,2.0,3.0,0.0,0.0,0.0,4.0,2.0,5.0,1.0,0.0,0.0,0.0,0.0,0.0
1,Valli,1,0.0,1.0,0.0,0.0,0.0,0.0,0.0,1.0,0.0,0.0,1.0,0.0,0.0,0.0,0.0
2,Valli,2,4.0,5.0,2.0,1.0,0.0,0.0,6.0,6.0,8.0,4.0,0.0,0.0,0.0,0.0,1.0
3,Valli,2,0.0,1.0,0.0,0.0,0.0,0.0,0.0,1.0,1.0,0.0,0.0,0.0,0.0,0.0,0.0
4,Valli,2,1.0,3.0,2.0,0.0,0.0,0.0,3.0,3.0,3.0,3.0,0.0,0.0,0.0,0.0,0.0
5,Valli,2,1.0,2.0,0.0,0.0,0.0,0.0,1.0,2.0,2.0,1.0,0.0,0.0,0.0,0.0,0.0
6,Valli,2,1.0,3.0,0.0,1.0,0.0,0.0,1.0,4.0,3.0,2.0,0.0,0.0,0.0,0.0,0.0
7,Valli,2,1.0,2.0,0.0,0.0,0.0,0.0,1.0,2.0,2.0,1.0,0.0,0.0,0.0,0.0,0.0
8,Valli,2,1.0,3.0,0.0,1.0,0.0,0.0,1.0,4.0,3.0,2.0,0.0,0.0,0.0,0.0,0.0
9,Valli,2,1.0,0.0,0.0,0.0,0.0,0.0,1.0,0.0,1.0,0.0,0.0,0.0,0.0,0.0,0.0
10,Valli,2,1.0,1.0,0.0,0.0,0.0,0.0,1.0,1.0,2.0,0.0,0.0,0.0,0.0,0.0,0.0
11,Valli,3,2.0,4.0,0.0,2.0,0.0,0.0,2.0,6.0,7.0,1.0,0.0,0.0,0.0,0.0,0.0
12,Valli,5,5.0,7.0,1.0,0.0,0.0,0.0,6.0,7.0,7.0,6.0,0.0,0.0,0.0,0.0,1.0
13,Valli,5,2.0,2.0,0.0,0.0,0.0,0.0,2.0,2.0,4.0,0.0,0.0,0.0,0.0,0.0,0.0
14,Valli,5,0.0,0.0,1.0,1.0,0.0,0.0,1.0,1.0,2.0,0.0,0.0,0.0,0.0,0.0,0.0
15,Valli,6,1.0,3.0,0.0,0.0,0.0,0.0,1.0,3.0,2.0,2.0,0.0,0.0,0.0,0.0,0.0
16,Valli,6,4.0,2.0,0.0,0.0,0.0,0.0,4.0,2.0,3.0,3.0,0.0,0.0,0.0,0.0,0.0
17,Valli,6,1.0,0.0,0.0,0.0,0.0,0.0,1.0,0.0,1.0,0.0,0.0,0.0,0.0,0.0,0.0
18,Valli,6,1.0,1.0,0.0,0.0,0.0,0.0,1.0,1.0,0.0,0.0,2.0,0.0,0.0,0.0,0.0
19,Valli,6,0.0,1.0,0.0,0.0,0.0,0.0,0.0,1.0,0.0,0.0,1.0,0.0,0.0,0.0,0.0
20,Valli,6,1.0,0.0,0.0,0.0,0.0,0.0,1.0,0.0,1.0,0.0,0.0,0.0,0.0,0.0,0.0
21,Valli,7,0.0,0.0,0.0,0.0,0.0,0.0,0.0,0.0,0.0,0.0,0.0,0.0,0.0,0.0,0.0
22,Valli,8,0.0,2.0,0.0,0.0,0.0,0.0,0.0,2.0,1.0,1.0,0.0,0.0,0.0,0.0,0.0
23,Valli,8,1.0,0.0,0.0,0.0,0.0,0.0,1.0,0.0,0.0,1.0,0.0,0.0,0.0,0.0,0.0
24,Valli,8,1.0,0.0,0.0,0.0,0.0,0.0,1.0,0.0,0.0,1.0,0.0,0.0,0.0,0.0,0.0
25,Valli,8,0.0,4.0,0.0,0.0,0.0,0.0,0.0,4.0,2.0,2.0,0.0,0.0,0.0,0.0,0.0
26,Valli,8,1.0,2.0,1.0,0.0,0.0,0.0,2.0,2.0,0.0,0.0,4.0,0.0,0.0,0.0,0.0
27,Valli,8,1.0,0.0,0.0,0.0,0.0,0.0,1.0,0.0,0.0,0.0,1.0,0.0,0.0,0.0,0.0
28,Valli,8,1.0,2.0,0.0,0.0,0.0,0.0,1.0,2.0,2.0,1.0,0.0,0.0,0.0,0.0,0.0
29,Valli,8,1.0,3.0,3.0,2.0,0.0,0.0,4.0,5.0,9.0,0.0,0.0,0.0,0.0,0.0,0.0
30,Valli,9,0.0,3.0,0.0,0.0,0.0,0.0,0.0,3.0,1.0,2.0,0.0,0.0,0.0,0.0,0.0
31,Valli,9,1.0,0.0,0.0,0.0,0.0,0.0,1.0,0.0,1.0,0.0,0.0,0.0,0.0,0.0,0.0
32,Valli,9,1.0,1.0,0.0,1.0,0.0,0.0,1.0,2.0,2.0,1.0,0.0,0.0,0.0,0.0,0.0
33,Valli,9,6.0,3.0,1.0,5.0,0.0,0.0,7.0,8.0,10.0,5.0,0.0,10.0,0.0,0.0,1.0
34,Valli,9,1.0,3.0,5.0,1.0,0.0,0.0,6.0,4.0,8.0,2.0,0.0,0.0,0.0,0.0,0.0
35,Valli,9,0.0,1.0,0.0,0.0,0.0,0.0,0.0,1.0,1.0,0.0,0.0,0.0,0.0,0.0,0.0
36,Valli,9,1.0,0.0,0.0,0.0,0.0,0.0,1.0,0.0,1.0,0.0,0.0,0.0,0.0,0.0,0.0
37,Valli,9,0.0,2.0,0.0,0.0,0.0,0.0,0.0,2.0,1.0,1.0,0.0,0.0,0.0,0.0,0.0
38,Valli,9,1.0,0.0,0.0,0.0,0.0,0.0,1.0,0.0,0.0,1.0,0.0,0.0,0.0,0.0,0.0
39,Valli,9,0.0,2.0,0.0,0.0,0.0,0.0,0.0,2.0,1.0,1.0,0.0,0.0,0.0,0.0,0.0
40,Valli,9,1.0,1.0,0.0,0.0,0.0,0.0,1.0,1.0,1.0,1.0,0.0,0.0,0.0,0.0,0.0
41,Valli,9,1.0,0.0,0.0,0.0,0.0,0.0,1.0,0.0,1.0,0.0,0.0,0.0,0.0,0.0,0.0
42,Valli,9,1.0,0.0,0.0,0.0,0.0,0.0,1.0,0.0,1.0,0.0,0.0,0.0,0.0,0.0,0.0
43,Valli,9,1.0,0.0,0.0,0.0,0.0,0.0,1.0,0.0,1.0,0.0,0.0,0.0,0.0,0.0,0.0
44,Valli,9,1.0,0.0,0.0,0.0,0.0,0.0,1.0,0.0,1.0,0.0,0.0,1.0,0.0,0.0,0.0
45,Valli,9,1.0,0.0,0.0,0.0,0.0,0.0,1.0,0.0,0.0,1.0,0.0,0.0,0.0,0.0,0.0
46,Valli,9,1.0,2.0,3.0,3.0,0.0,0.0,4.0,5.0,8.0,1.0,0.0,0.0,0.0,0.0,0.0
47,Valli,9,0.0,0.0,0.0,1.0,0.0,0.0,0.0,1.0,0.0,1.0,0.0,0.0,0.0,0.0,0.0
48,Valli,9,1.0,1.0,1.0,1.0,0.0,0.0,2.0,2.0,0.0,4.0,0.0,0.0,0.0,0.0,0.0
49,Valli,9,1.0,0.0,0.0,0.0,0.0,0.0,1.0,0.0,1.0,0.0,0.0,0.0,0.0,0.0,0.0
50,Valli,10,2.0,5.0,3.0,2.0,0.0,0.0,5.0,7.0,1.0,11.0,0.0,0.0,0.0,0.0,0.0
51,Valli,10,3.0,1.0,0.0,0.0,0.0,0.0,3.0,1.0,4.0,0.0,0.0,0.0,0.0,0.0,0.0
52,Valli,10,1.0,0.0,0.0,0.0,0.0,0.0,1.0,0.0,1.0,0.0,0.0,0.0,0.0,0.0,0.0
53,Valli,11,2.0,5.0,1.0,0.0,0.0,0.0,3.0,5.0,5.0,3.0,0.0,0.0,0.0,0.0,0.0
54,Valli,11,1.0,1.0,1.0,0.0,0.0,0.0,2.0,1.0,3.0,0.0,0.0,2.0,0.0,0.0,0.0
55,Valli,11,0.0,3.0,5.0,1.0,0.0,0.0,5.0,4.0,7.0,2.0,0.0,0.0,0.0,0.0,0.0
56,Valli,11,3.0,1.0,0.0,0.0,0.0,0.0,3.0,1.0,2.0,2.0,0.0,0.0,0.0,0.0,0.0
57,Valli,12,0.0,2.0,0.0,0.0,0.0,0.0,0.0,2.0,2.0,0.0,0.0,0.0,0.0,0.0,0.0
58,Valli,12,1.0,1.0,2.0,4.0,0.0,0.0,3.0,5.0,8.0,0.0,0.0,0.0,0.0,0.0,0.0
59,Valli,12,1.0,2.0,0.0,0.0,0.0,0.0,1.0,2.0,2.0,1.0,0.0,0.0,0.0,0.0,0.0
60,Valli,12,0.0,0.0,0.0,1.0,0.0,0.0,0.0,1.0,0.0,0.0,1.0,0.0,0.0,0.0,0.0
61,Valli,12,0.0,1.0,0.0,0.0,0.0,0.0,0.0,1.0,0.0,1.0,0.0,0.0,0.0,0.0,0.0
62,Valli,12,0.0,1.0,0.0,0.0,0.0,0.0,0.0,1.0,0.0,1.0,0.0,0.0,0.0,0.0,0.0
63,Valli,12,5.0,6.0,1.0,0.0,0.0,0.0,6.0,6.0,8.0,4.0,0.0,9.0,0.0,0.0,0.0
64,Valli,12,1.0,1.0,0.0,1.0,0.0,0.0,1.0,2.0,5.0,0.0,0.0,0.0,0.0,0.0,0.0
65,Valli,12,2.0,1.0,2.0,0.0,0.0,0.0,4.0,1.0,0.0,5.0,0.0,0.0,0.0,0.0,0.0
66,Valli,14,1.0,2.0,5.0,0.0,0.0,0.0,4.0,2.0,5.0,1.0,0.0,0.0,0.0,0.0,0.0
67,Valli,14,1.0,2.0,0.0,1.0,0.0,0.0,1.0,5.0,5.0,1.0,0.0,0.0,0.0,0.0,0.0
68,Valli,14,2.0,2.0,0.0,1.0,0.0,0.0,2.0,5.0,5.0,0.0,0.0,0.0,0.0,0.0,0.0
69,Valli,14,1.0,2.0,0.0,0.0,0.0,0.0,1.0,2.0,2.0,1.0,0.0,0.0,0.0,0.0,0.0
70,Valli,14,1.0,1.0,2.0,1.0,0.0,0.0,3.0,2.0,5.0,0.0,0.0,0.0,0.0,0.0,0.0
71,Valli,15,1.0,3.0,1.0,0.0,0.0,0.0,2.0,3.0,3.0,2.0,0.0,0.0,0.0,0.0,0.0
72,Valli,15,1.0,0.0,0.0,0.0,0.0,0.0,1.0,0.0,1.0,0.0,0.0,0.0,0.0,0.0,0.0
73,Valli,15,1.0,1.0,1.0,0.0,0.0,0.0,2.0,1.0,3.0,0.0,0.0,0.0,0.0,0.0,0.0
74,Valli,16,0.0,0.0,0.0,0.0,0.0,0.0,0.0,0.0,0.0,0.0,0.0,0.0,0.0,0.0,0.0
75,Valli,17,2.0,4.0,0.0,5.0,0.0,0.0,2.0,7.0,6.0,3.0,0.0,1.0,0.0,0.0,0.0
76,Valli,17,0.0,0.0,0.0,1.0,0.0,0.0,0.0,1.0,0.0,0.0,1.0,0.0,0.0,0.0,0.0
77,Valli,17,1.0,0.0,0.0,0.0,0.0,0.0,1.0,0.0,1.0,0.0,0.0,0.0,0.0,0.0,0.0
78,Valli,17,1.0,0.0,0.0,0.0,0.0,0.0,1.0,0.0,1.0,0.0,0.0,0.0,0.0,0.0,0.0
79,Valli,17,0.0,0.0,0.0,1.0,0.0,0.0,0.0,1.0,1.0,0.0,0.0,0.0,0.0,0.0,0.0
80,Valli,17,1.0,3.0,3.0,1.0,0.0,0.0,4.0,4.0,7.0,1.0,0.0,0.0,0.0,0.0,0.0
81,Valli,17,2.0,1.0,0.0,1.0,0.0,0.0,2.0,2.0,0.0,4.0,0.0,0.0,0.0,0.0,0.0
82,Valli,17,1.0,2.0,1.0,0.0,0.0,0.0,2.0,2.0,3.0,1.0,0.0,0.0,0.0,0.0,0.0
83,Valli,17,1.0,2.0,1.0,0.0,0.0,0.0,2.0,2.0,0.0,4.0,0.0,0.0,0.0,0.0,0.0
84,Valli,17,4.0,1.0,0.0,1.0,0.0,0.0,4.0,2.0,4.0,2.0,0.0,0.0,0.0,0.0,1.0
85,Valli,17,0.0,0.0,0.0,2.0,0.0,0.0,0.0,2.0,0.0,0.0,2.0,0.0,0.0,0.0,0.0
86,Valli,17,0.0,0.0,0.0,1.0,0.0,0.0,0.0,1.0,0.0,0.0,1.0,0.0,0.0,0.0,0.0
87,Valli,17,0.0,1.0,0.0,0.0,0.0,0.0,0.0,1.0,0.0,0.0,1.0,0.0,0.0,0.0,0.0
88,Valli,17,0.0,1.0,0.0,0.0,0.0,0.0,0.0,1.0,0.0,0.0,1.0,0.0,0.0,0.0,0.0
89,Valli,19,1.0,3.0,2.0,0.0,0.0,0.0,3.0,3.0,4.0,2.0,0.0,4.0,0.0,0.0,0.0
90,Valli,19,0.0,1.0,0.0,0.0,0.0,0.0,0.0,1.0,0.0,1.0,0.0,0.0,0.0,0.0,0.0
91,Valli,19,3.0,2.0,0.0,0.0,0.0,0.0,3.0,2.0,4.0,1.0,0.0,0.0,0.0,0.0,0.0
92,Valli,19,1.0,1.0,2.0,0.0,0.0,0.0,3.0,1.0,2.0,2.0,0.0,0.0,0.0,0.0,0.0
93,Valli,19,0.0,0.0,0.0,1.0,0.0,0.0,0.0,1.0,0.0,1.0,0.0,0.0,0.0,0.0,0.0
94,Valli,19,0.0,1.0,0.0,0.0,0.0,0.0,0.0,1.0,0.0,1.0,0.0,0.0,0.0,0.0,0.0
95,Valli,19,2.0,2.0,0.0,0.0,0.0,0.0,2.0,2.0,5.0,1.0,0.0,0.0,0.0,0.0,1.0
96,Valli,19,1.0,0.0,0.0,0.0,0.0,0.0,1.0,0.0,0.0,0.0,1.0,0.0,0.0,0.0,0.0
97,Valli,19,0.0,2.0,0.0,0.0,0.0,0.0,0.0,2.0,0.0,0.0,2.0,0.0,0.0,0.0,0.0
98,Valli,20,5.0,5.0,1.0,0.0,0.0,0.0,4.0,5.0,5.0,2.0,0.0,0.0,0.0,0.0,0.0
99,Valli,21,3.0,6.0,2.0,0.0,0.0,0.0,5.0,6.0,4.0,7.0,0.0,0.0,0.0,0.0,0.0
100,Valli,21,0.0,1.0,0.0,1.0,0.0,0.0,0.0,2.0,0.0,0.0,2.0,0.0,0.0,0.0,0.0
101,Valli,21,1.0,0.0,0.0,0.0,0.0,0.0,1.0,0.0,1.0,0.0,0.0,0.0,0.0,0.0,0.0
102,Valli,21,1.0,0.0,0.0,1.0,0.0,0.0,1.0,1.0,2.0,0.0,0.0,0.0,0.0,0.0,0.0
103,Valli,23,0.0,4.0,2.0,0.0,0.0,0.0,2.0,4.0,3.0,3.0,0.0,0.0,0.0,0.0,0.0
104,Valli,23,0.0,1.0,0.0,0.0,0.0,0.0,0.0,1.0,0.0,0.0,1.0,0.0,0.0,0.0,0.0
105,Valli,23,0.0,1.0,0.0,0.0,0.0,0.0,0.0,1.0,0.0,1.0,0.0,0.0,0.0,0.0,0.0
106,Valli,23,0.0,1.0,0.0,0.0,0.0,0.0,0.0,1.0,0.0,1.0,0.0,0.0,0.0,0.0,0.0
107,Valli,23,1.0,0.0,0.0,0.0,0.0,0.0,1.0,0.0,0.0,0.0,1.0,0.0,0.0,0.0,0.0
108,Valli,23,1.0,1.0,0.0,0.0,0.0,0.0,1.0,1.0,2.0,0.0,0.0,0.0,0.0,0.0,0.0
109,Valli,23,0.0,0.0,0.0,1.0,0.0,0.0,0.0,1.0,0.0,0.0,1.0,0.0,0.0,0.0,0.0
110,Valli,23,1.0,0.0,0.0,0.0,0.0,0.0,1.0,0.0,0.0,1.0,0.0,0.0,0.0,0.0,0.0
111,Valli,24,1.0,9.0,0.0,0.0,0.0,0.0,1.0,9.0,2.0,8.0,0.0,0.0,0.0,0.0,1.0
112,Valli,24,0.0,7.0,0.0,0.0,0.0,0.0,0.0,7.0,2.0,5.0,0.0,0.0,0.0,0.0,0.0
113,Valli,24,2.0,1.0,4.0,1.0,0.0,0.0,6.0,2.0,7.0,1.0,0.0,0.0,0.0,0.0,0.0
114,Valli,24,1.0,0.0,0.0,0.0,0.0,0.0,1.0,0.0,0.0,1.0,0.0,0.0,0.0,0.0,0.0
115,Valli,24,0.0,1.0,0.0,0.0,0.0,0.0,0.0,1.0,0.0,1.0,0.0,0.0,0.0,0.0,0.0
116,Valli,25,0.0,0.0,0.0,0.0,0.0,0.0,0.0,0.0,0.0,0.0,0.0,0.0,0.0,0.0,0.0
117,Valli,26,2.0,3.0,0.0,1.0,0.0,0.0,2.0,4.0,2.0,4.0,0.0,2.0,0.0,0.0,0.0
118,Valli,26,0.0,0.0,1.0,0.0,0.0,0.0,1.0,0.0,0.0,0.0,1.0,0.0,0.0,0.0,0.0
119,Valli,26,1.0,2.0,1.0,0.0,0.0,0.0,2.0,2.0,3.0,1.0,0.0,0.0,0.0,0.0,0.0
120,Valli,26,1.0,0.0,0.0,0.0,0.0,0.0,1.0,0.0,1.0,0.0,0.0,0.0,0.0,0.0,0.0
121,Valli,26,1.0,1.0,0.0,0.0,0.0,0.0,1.0,1.0,0.0,2.0,0.0,0.0,0.0,0.0,0.0
122,Valli,27,3.0,1.0,0.0,0.0,0.0,0.0,3.0,1.0,0.0,4.0,0.0,0.0,0.0,0.0,1.0
123,Valli,27,1.0,0.0,0.0,0.0,0.0,0.0,1.0,0.0,0.0,1.0,0.0,0.0,0.0,0.0,0.0
124,Valli,28,0.0,2.0,1.0,0.0,0.0,0.0,1.0,2.0,2.0,1.0,0.0,0.0,0.0,0.0,0.0
125,Valli,28,3.0,1.0,4.0,3.0,0.0,0.0,7.0,4.0,9.0,2.0,0.0,0.0,0.0,0.0,0.0
126,Valli,28,1.0,0.0,0.0,0.0,0.0,0.0,1.0,0.0,1.0,0.0,0.0,0.0,0.0,0.0,1.0
127,Valli,28,1.0,2.0,0.0,0.0,0.0,0.0,1.0,2.0,0.0,1.0,2.0,0.0,0.0,0.0,0.0
128,Valli,28,1.0,1.0,0.0,0.0,0.0,0.0,1.0,1.0,2.0,0.0,0.0,0.0,0.0,0.0,0.0
129,Valli,28,1.0,1.0,2.0,1.0,0.0,0.0,3.0,2.0,0.0,0.0,5.0,0.0,0.0,0.0,0.0
130,Valli,28,0.0,2.0,1.0,1.0,0.0,0.0,1.0,3.0,0.0,1.0,3.0,0.0,0.0,0.0,0.0
131,Valli,29,1.0,3.0,0.0,0.0,0.0,0.0,1.0,3.0,1.0,3.0,0.0,0.0,0.0,0.0,0.0
132,Valli,29,0.0,0.0,0.0,1.0,0.0,0.0,0.0,1.0,0.0,0.0,1.0,0.0,0.0,0.0,0.0
133,Valli,29,0.0,1.0,0.0,0.0,0.0,0.0,0.0,1.0,0.0,0.0,1.0,0.0,0.0,0.0,0.0
134,Valli,29,1.0,1.0,3.0,1.0,0.0,0.0,4.0,2.0,6.0,0.0,0.0,0.0,0.0,0.0,0.0
135,Valli,29,2.0,1.0,1.0,0.0,0.0,0.0,3.0,1.0,4.0,0.0,0.0,0.0,0.0,0.0,0.0
136,Valli,29,0.0,0.0,1.0,0.0,0.0,0.0,1.0,0.0,0.0,1.0,0.0,0.0,0.0,0.0,0.0
137,Valli,29,4.0,2.0,2.0,2.0,0.0,0.0,6.0,4.0,5.0,5.0,0.0,0.0,0.0,0.0,0.0
138,Valli,29,1.0,2.0,1.0,2.0,0.0,0.0,2.0,4.0,5.0,1.0,0.0,0.0,0.0,0.0,0.0
139,Valli,29,0.0,1.0,0.0,1.0,0.0,0.0,0.0,2.0,1.0,1.0,0.0,1.0,0.0,0.0,0.0
140,Valli,29,1.0,0.0,0.0,0.0,0.0,0.0,1.0,0.0,0.0,1.0,0.0,0.0,0.0,0.0,0.0
141,Valli,31,0.0,1.0,0.0,0.0,0.0,0.0,0.0,1.0,0.0,1.0,0.0,0.0,0.0,0.0,0.0
142,Valli,31,0.0,1.0,0.0,0.0,0.0,0.0,0.0,1.0,0.0,1.0,0.0,0.0,0.0,0.0,0.0
143,Valli,31,0.0,1.0,0.0,0.0,0.0,0.0,0.0,1.0,0.0,1.0,0.0,0.0,0.0,0.0,0.0
144,Valli,31,2.0,3.0,0.0,0.0,0.0,0.0,2.0,3.0,1.0,2.0,2.0,0.0,0.0,0.0,0.0
145,Valli,31,2.0,2.0,0.0,0.0,0.0,0.0,2.0,2.0,4.0,0.0,0.0,0.0,0.0,0.0,0.0
146,Valli,33,3.0,2.0,2.0,3.0,0.0,0.0,5.0,5.0,10.0,0.0,0.0,10.0,0.0,0.0,0.0
147,Valli,33,0.0,2.0,0.0,0.0,0.0,0.0,0.0,2.0,0.0,0.0,2.0,0.0,0.0,0.0,0.0
148,Valli,33,1.0,1.0,0.0,0.0,0.0,0.0,1.0,1.0,0.0,0.0,2.0,0.0,0.0,0.0,0.0
149,Valli,33,0.0,1.0,0.0,0.0,0.0,0.0,0.0,1.0,0.0,0.0,1.0,0.0,0.0,0.0,0.0
150,Valli,33,0.0,1.0,0.0,0.0,0.0,0.0,0.0,1.0,0.0,0.0,1.0,0.0,0.0,0.0,0.0
151,Valli,34,1.0,5.0,1.0,0.0,0.0,0.0,2.0,5.0,5.0,2.0,0.0,0.0,0.0,0.0,0.0
152,Valli,34,1.0,1.0,3.0,0.0,0.0,0.0,4.0,1.0,0.0,5.0,0.0,5.0,0.0,0.0,0.0
153,Valli,34,2.0,10.0,0.0,0.0,0.0,0.0,2.0,10.0,3.0,9.0,0.0,0.0,0.0,0.0,0.0
154,Valli,35,3.0,1.0,0.0,1.0,0.0,0.0,3.0,2.0,3.0,2.0,0.0,0.0,0.0,0.0,0.0
155,Valli,35,0.0,0.0,0.0,1.0,0.0,0.0,0.0,1.0,0.0,0.0,1.0,0.0,0.0,0.0,0.0
156,Valli,35,1.0,2.0,0.0,2.0,0.0,0.0,1.0,4.0,0.0,5.0,0.0,0.0,0.0,0.0,0.0
157,Valli,36,2.0,3.0,2.0,1.0,0.0,0.0,4.0,4.0,4.0,4.0,0.0,0.0,0.0,0.0,0.0
158,Valli,36,2.0,1.0,4.0,2.0,0.0,0.0,6.0,3.0,8.0,1.0,0.0,0.0,0.0,0.0,0.0
159,Valli,36,0.0,1.0,0.0,0.0,0.0,0.0,0.0,1.0,0.0,1.0,0.0,0.0,0.0,0.0,0.0
160,Valli,36,4.0,0.0,1.0,0.0,0.0,0.0,5.0,0.0,0.0,5.0,0.0,0.0,0.0,0.0,1.0
161,Valli,37,2.0,2.0,0.0,0.0,0.0,0.0,2.0,2.0,4.0,0.0,0.0,4.0,0.0,0.0,0.0
162,Valli,37,2.0,1.0,3.0,0.0,0.0,0.0,5.0,1.0,0.0,6.0,0.0,0.0,0.0,0.0,0.0
163,Valli,37,3.0,6.0,0.0,0.0,0.0,0.0,3.0,6.0,0.0,9.0,0.0,0.0,0.0,0.0,0.0
164,Valli,38,3.0,4.0,0.0,1.0,0.0,0.0,3.0,5.0,1.0,7.0,0.0,0.0,0.0,0.0,0.0
165,Valli,38,1.0,2.0,0.0,0.0,0.0,0.0,1.0,2.0,2.0,1.0,0.0,0.0,0.0,0.0,0.0
166,Valli,38,1.0,1.0,0.0,0.0,0.0,0.0,1.0,1.0,1.0,1.0,0.0,0.0,0.0,0.0,0.0
167,Valli,38,1.0,0.0,0.0,1.0,0.0,0.0,1.0,1.0,0.0,1.0,1.0,0.0,0.0,0.0,0.0
168,Valli,38,5.0,2.0,1.0,0.0,0.0,0.0,6.0,2.0,7.0,1.0,0.0,0.0,0.0,0.0,0.0
169,Valli,38,1.0,4.0,0.0,0.0,0.0,0.0,1.0,4.0,3.0,2.0,0.0,0.0,0.0,0.0,0.0
170,Valli,38,5.0,3.0,1.0,2.0,0.0,0.0,6.0,5.0,9.0,2.0,0.0,0.0,0.0,0.0,1.0
171,Valli,38,1.0,2.0,0.0,1.0,0.0,0.0,1.0,3.0,0.0,4.0,0.0,0.0,0.0,0.0,0.0
172,Valli,39,4.0,9.0,0.0,3.0,0.0,0.0,4.0,12.0,14.0,2.0,0.0,14.0,0.0,0.0,0.0
173,Valli,39,0.0,3.0,0.0,4.0,0.0,0.0,0.0,7.0,5.0,2.0,0.0,0.0,0.0,0.0,0.0
174,Valli,39,1.0,5.0,0.0,0.0,0.0,0.0,1.0,5.0,2.0,4.0,0.0,1.0,0.0,0.0,0.0
175,Valli,39,4.0,2.0,0.0,0.0,0.0,0.0,4.0,2.0,2.0,4.0,0.0,0.0,0.0,0.0,1.0
176,Valli,40,0.0,0.0,0.0,0.0,0.0,0.0,0.0,0.0,0.0,0.0,0.0,0.0,0.0,0.0,0.0
177,Valli,41,0.0,0.0,0.0,0.0,0.0,0.0,0.0,0.0,0.0,0.0,0.0,0.0,0.0,0.0,0.0
178,Valli,42,1.0,5.0,0.0,0.0,0.0,0.0,1.0,5.0,4.0,2.0,0.0,0.0,0.0,0.0,0.0
179,Valli,42,7.0,0.0,0.0,0.0,0.0,0.0,7.0,0.0,0.0,7.0,0.0,0.0,0.0,0.0,1.0
180,Valli,42,1.0,1.0,1.0,0.0,0.0,0.0,2.0,1.0,0.0,3.0,0.0,0.0,0.0,0.0,0.0
181,Valli,44,2.0,3.0,2.0,0.0,0.0,0.0,4.0,3.0,7.0,0.0,0.0,0.0,0.0,0.0,0.0
182,Valli,44,0.0,1.0,0.0,0.0,0.0,0.0,0.0,1.0,0.0,0.0,1.0,0.0,0.0,0.0,0.0
183,Valli,44,1.0,3.0,0.0,0.0,0.0,0.0,1.0,3.0,2.0,2.0,0.0,0.0,0.0,0.0,0.0
184,Valli,44,1.0,0.0,0.0,0.0,0.0,0.0,1.0,0.0,0.0,1.0,0.0,0.0,0.0,0.0,0.0
185,Valli,44,1.0,0.0,0.0,0.0,0.0,0.0,1.0,0.0,0.0,1.0,0.0,1.0,0.0,0.0,0.0
186,Valli,44,1.0,0.0,0.0,0.0,0.0,0.0,1.0,0.0,0.0,1.0,0.0,1.0,0.0,0.0,0.0
187,Valli,44,1.0,0.0,0.0,0.0,0.0,0.0,1.0,0.0,0.0,1.0,0.0,1.0,0.0,0.0,0.0
188,Valli,44,1.0,0.0,0.0,0.0,0.0,0.0,1.0,0.0,1.0,0.0,0.0,1.0,0.0,0.0,0.0
189,Valli,44,1.0,1.0,1.0,1.0,0.0,0.0,2.0,2.0,4.0,0.0,0.0,4.0,0.0,0.0,0.0
190,Valli,44,1.0,1.0,3.0,0.0,0.0,0.0,4.0,1.0,5.0,0.0,0.0,5.0,0.0,0.0,0.0
191,Valli,44,1.0,1.0,0.0,0.0,0.0,0.0,1.0,1.0,2.0,0.0,0.0,2.0,0.0,0.0,1.0
192,Valli,44,0.0,1.0,0.0,0.0,0.0,0.0,0.0,1.0,1.0,0.0,0.0,1.0,0.0,0.0,0.0
193,Valli,45,2.0,6.0,0.0,0.0,0.0,0.0,2.0,6.0,4.0,4.0,0.0,0.0,0.0,0.0,0.0
194,Valli,45,4.0,4.0,2.0,3.0,0.0,0.0,6.0,7.0,11.0,2.0,0.0,0.0,0.0,0.0,0.0
195,Valli,45,1.0,2.0,0.0,0.0,0.0,0.0,1.0,2.0,2.0,1.0,0.0,0.0,0.0,0.0,0.0
196,Valli,45,1.0,4.0,0.0,2.0,0.0,0.0,1.0,6.0,4.0,3.0,0.0,0.0,0.0,0.0,0.0
197,Valli,45,1.0,1.0,1.0,0.0,0.0,0.0,2.0,1.0,3.0,0.0,0.0,0.0,0.0,0.0,0.0
198,Valli,45,1.0,1.0,0.0,0.0,0.0,0.0,1.0,1.0,0.0,0.0,2.0,0.0,0.0,0.0,0.0
199,Valli,45,1.0,1.0,0.0,1.0,0.0,0.0,1.0,2.0,3.0,0.0,0.0,0.0,0.0,0.0,0.0
200,Valli,45,1.0,3.0,1.0,3.0,0.0,0.0,2.0,6.0,0.0,8.0,0.0,0.0,0.0,0.0,0.0
201,Valli,46,0.0,3.0,1.0,1.0,0.0,0.0,1.0,4.0,3.0,2.0,0.0,0.0,0.0,0.0,0.0
202,Valli,46,1.0,3.0,3.0,1.0,0.0,0.0,4.0,4.0,6.0,2.0,0.0,0.0,0.0,0.0,0.0
203,Valli,46,13.0,7.0,3.0,2.0,0.0,0.0,16.0,9.0,5.0,20.0,0.0,0.0,0.0,0.0,1.0
204,Valli,46,2.0,2.0,3.0,1.0,0.0,0.0,5.0,3.0,6.0,2.0,0.0,0.0,0.0,0.0,0.0
205,Valli,46,1.0,1.0,1.0,1.0,0.0,0.0,2.0,2.0,4.0,0.0,0.0,0.0,0.0,0.0,0.0
206,Valli,46,1.0,2.0,0.0,1.0,0.0,0.0,1.0,3.0,3.0,1.0,0.0,0.0,0.0,0.0,0.0
207,Valli,46,1.0,0.0,0.0,0.0,0.0,0.0,1.0,0.0,1.0,0.0,0.0,0.0,0.0,0.0,0.0
208,Valli,46,1.0,1.0,1.0,0.0,0.0,0.0,2.0,1.0,0.0,3.0,0.0,0.0,0.0,0.0,0.0
209,Valli,46,0.0,0.0,1.0,0.0,0.0,0.0,1.0,0.0,0.0,0.0,1.0,0.0,0.0,0.0,0.0
210,Valli,46,1.0,0.0,0.0,0.0,0.0,0.0,1.0,0.0,0.0,0.0,1.0,0.0,0.0,0.0,0.0
211,Valli,46,1.0,0.0,0.0,0.0,0.0,0.0,1.0,0.0,0.0,0.0,1.0,0.0,0.0,0.0,0.0
212,Valli,46,1.0,1.0,0.0,0.0,0.0,0.0,1.0,1.0,0.0,0.0,2.0,0.0,0.0,0.0,0.0
213,Valli,47,0.0,1.0,0.0,0.0,0.0,0.0,0.0,1.0,0.0,1.0,0.0,0.0,0.0,0.0,0.0
214,Valli,47,0.0,1.0,0.0,0.0,0.0,0.0,0.0,1.0,0.0,1.0,0.0,1.0,0.0,0.0,0.0
215,Valli,47,0.0,1.0,0.0,0.0,0.0,0.0,0.0,1.0,0.0,1.0,0.0,1.0,0.0,0.0,0.0
216,Valli,47,0.0,1.0,0.0,0.0,0.0,0.0,0.0,1.0,0.0,1.0,0.0,0.0,0.0,0.0,0.0
217,Valli,48,0.0,0.0,7.0,5.0,0.0,0.0,7.0,5.0,0.0,12.0,0.0,12.0,0.0,0.0,0.0
218,Valli,48,1.0,1.0,0.0,1.0,0.0,0.0,1.0,2.0,0.0,0.0,3.0,3.0,0.0,0.0,0.0
219,Valli,48,1.0,0.0,0.0,0.0,0.0,0.0,1.0,0.0,0.0,0.0,1.0,1.0,0.0,0.0,0.0
220,Valli,48,1.0,0.0,0.0,0.0,0.0,0.0,1.0,0.0,0.0,0.0,1.0,0.0,0.0,0.0,0.0
221,Valli,48,1.0,0.0,0.0,0.0,0.0,0.0,1.0,0.0,0.0,0.0,1.0,0.0,0.0,0.0,0.0
222,Valli,48,1.0,0.0,0.0,0.0,0.0,0.0,1.0,0.0,0.0,0.0,1.0,0.0,0.0,0.0,0.0
223,Valli,48,0.0,0.0,0.0,1.0,0.0,0.0,0.0,1.0,0.0,0.0,1.0,0.0,0.0,0.0,0.0
224,Valli,48,0.0,1.0,0.0,1.0,0.0,0.0,0.0,2.0,0.0,0.0,2.0,0.0,0.0,0.0,0.0
225,Valli,48,0.0,1.0,0.0,0.0,0.0,0.0,0.0,1.0,0.0,1.0,0.0,0.0,0.0,0.0,0.0
226,Valli,48,0.0,1.0,1.0,0.0,0.0,0.0,1.0,1.0,0.0,0.0,2.0,0.0,0.0,0.0,0.0
227,Valli,48,0.0,1.0,0.0,1.0,0.0,0.0,0.0,2.0,0.0,0.0,2.0,0.0,0.0,0.0,0.0
228,Valli,48,2.0,4.0,0.0,0.0,0.0,0.0,2.0,4.0,5.0,1.0,0.0,5.0,0.0,0.0,0.0
229,Valli,48,1.0,0.0,0.0,0.0,0.0,0.0,1.0,0.0,0.0,1.0,0.0,1.0,0.0,0.0,0.0
230,Valli,48,1.0,2.0,1.0,2.0,0.0,0.0,2.0,4.0,0.0,0.0,6.0,0.0,0.0,0.0,0.0
231,Valli,48,0.0,1.0,0.0,0.0,0.0,0.0,0.0,1.0,0.0,0.0,1.0,0.0,0.0,0.0,0.0
232,Valli,48,0.0,1.0,0.0,0.0,0.0,0.0,0.0,1.0,0.0,0.0,1.0,0.0,0.0,0.0,0.0
233,Valli,48,0.0,1.0,0.0,0.0,0.0,0.0,0.0,1.0,0.0,0.0,1.0,0.0,0.0,0.0,0.0
234,Valli,48,0.0,1.0,0.0,0.0,0.0,0.0,0.0,1.0,0.0,1.0,0.0,0.0,0.0,0.0,0.0
235,Valli,48,0.0,1.0,0.0,0.0,0.0,0.0,0.0,1.0,0.0,1.0,0.0,0.0,0.0,0.0,0.0
236,Valli,48,0.0,1.0,0.0,0.0,0.0,0.0,0.0,1.0,0.0,1.0,0.0,0.0,0.0,0.0,0.0
237,Valli,48,1.0,1.0,0.0,0.0,0.0,0.0,1.0,1.0,0.0,0.0,2.0,0.0,0.0,0.0,0.0
238,Valli,48,1.0,0.0,0.0,0.0,0.0,0.0,1.0,0.0,1.0,0.0,0.0,0.0,0.0,0.0,0.0
239,Valli,48,2.0,2.0,0.0,0.0,0.0,0.0,2.0,2.0,0.0,0.0,4.0,0.0,0.0,0.0,0.0
240,Valli,48,0.0,1.0,0.0,0.0,0.0,0.0,0.0,1.0,0.0,0.0,1.0,0.0,0.0,0.0,0.0
241,Valli,49,1.0,5.0,4.0,1.0,0.0,0.0,5.0,6.0,7.0,4.0,0.0,0.0,0.0,0.0,0.0
242,Valli,49,0.0,1.0,0.0,0.0,0.0,0.0,0.0,1.0,0.0,0.0,1.0,0.0,0.0,0.0,0.0
243,Valli,49,1.0,5.0,0.0,0.0,0.0,0.0,1.0,5.0,0.0,4.0,0.0,0.0,0.0,0.0,0.0
244,Valli,49,1.0,2.0,0.0,0.0,0.0,0.0,1.0,2.0,0.0,0.0,3.0,0.0,0.0,0.0,0.0
245,Valli,49,1.0,0.0,0.0,0.0,0.0,0.0,1.0,0.0,1.0,0.0,0.0,0.0,0.0,0.0,0.0
246,Valli,49,2.0,1.0,2.0,3.0,0.0,0.0,4.0,4.0,6.0,2.0,0.0,0.0,0.0,0.0,0.0
247,Valli,50,3.0,2.0,1.0,1.0,0.0,0.0,4.0,3.0,3.0,4.0,0.0,0.0,0.0,0.0,1.0
248,Valli,50,1.0,3.0,0.0,3.0,0.0,0.0,1.0,6.0,0.0,7.0,0.0,6.0,0.0,0.0,0.0
249,Valli,50,1.0,0.0,0.0,0.0,0.0,0.0,1.0,0.0,0.0,1.0,0.0,0.0,0.0,0.0,0.0
250,Valli,50,2.0,4.0,1.0,0.0,0.0,0.0,3.0,4.0,5.0,2.0,0.0,0.0,0.0,0.0,0.0
251,Valli,50,1.0,0.0,0.0,0.0,0.0,0.0,1.0,0.0,1.0,0.0,0.0,0.0,0.0,0.0,0.0
252,Valli,50,1.0,0.0,0.0,0.0,0.0,0.0,1.0,0.0,0.0,1.0,0.0,0.0,0.0,0.0,0.0
253,Valli,50,0.0,1.0,0.0,0.0,0.0,0.0,0.0,1.0,0.0,0.0,1.0,0.0,0.0,0.0,0.0
254,Valli,50,1.0,2.0,4.0,3.0,0.0,0.0,5.0,5.0,10.0,0.0,0.0,0.0,0.0,0.0,0.0
255,Valli,50,0.0,1.0,1.0,0.0,0.0,0.0,1.0,1.0,0.0,0.0,2.0,0.0,0.0,0.0,0.0
256,Valli,50,1.0,0.0,0.0,0.0,0.0,0.0,1.0,0.0,0.0,1.0,0.0,0.0,0.0,0.0,0.0
257,Valli,50,1.0,1.0,1.0,4.0,0.0,0.0,2.0,5.0,6.0,1.0,0.0,7.0,0.0,0.0,0.0
258,Valli,50,1.0,1.0,0.0,0.0,0.0,0.0,1.0,1.0,2.0,0.0,0.0,0.0,0.0,0.0,0.0
259,Valli,50,1.0,1.0,0.0,0.0,0.0,0.0,1.0,1.0,0.0,0.0,2.0,0.0,0.0,0.0,0.0
260,Valli,50,1.0,2.0,2.0,4.0,0.0,0.0,3.0,6.0,8.0,1.0,0.0,0.0,0.0,0.0,0.0
261,Valli,50,1.0,1.0,0.0,2.0,0.0,0.0,1.0,3.0,4.0,0.0,0.0,0.0,0.0,0.0,0.0
262,Valli,50,0.0,0.0,0.0,1.0,0.0,0.0,0.0,1.0,0.0,0.0,1.0,0.0,0.0,0.0,0.0
263,Valli,50,0.0,2.0,0.0,0.0,0.0,0.0,0.0,2.0,0.0,0.0,2.0,0.0,0.0,0.0,0.0
264,Valli,51,1.0,0.0,0.0,0.0,0.0,0.0,1.0,0.0,1.0,0.0,0.0,0.0,0.0,0.0,0.0
265,Valli,51,0.0,1.0,0.0,0.0,0.0,0.0,0.0,1.0,0.0,1.0,0.0,0.0,0.0,0.0,0.0
266,Valli,51,1.0,3.0,0.0,2.0,0.0,0.0,1.0,5.0,4.0,2.0,0.0,0.0,0.0,0.0,0.0
267,Valli,51,1.0,3.0,1.0,0.0,0.0,0.0,2.0,3.0,3.0,2.0,0.0,0.0,0.0,0.0,0.0
268,Valli,51,1.0,2.0,0.0,0.0,0.0,0.0,1.0,2.0,2.0,1.0,0.0,0.0,0.0,0.0,0.0
269,Valli,51,1.0,4.0,1.0,1.0,0.0,0.0,2.0,5.0,4.0,3.0,0.0,0.0,0.0,0.0,0.0
270,Valli,51,1.0,3.0,2.0,1.0,0.0,0.0,3.0,4.0,5.0,2.0,0.0,0.0,0.0,0.0,0.0
271,Valli,51,0.0,3.0,0.0,0.0,0.0,0.0,0.0,3.0,1.0,2.0,0.0,0.0,0.0,0.0,0.0
272,Valli,51,1.0,4.0,1.0,3.0,0.0,0.0,2.0,7.0,6.0,3.0,0.0,0.0,0.0,0.0,0.0
273,Valli,51,1.0,1.0,0.0,1.0,0.0,0.0,1.0,2.0,0.0,3.0,0.0,0.0,0.0,0.0,0.0
274,Valli,51,0.0,1.0,0.0,0.0,0.0,0.0,0.0,1.0,0.0,0.0,1.0,0.0,0.0,0.0,0.0
275,Valli,51,1.0,1.0,3.0,0.0,0.0,0.0,4.0,1.0,5.0,0.0,0.0,0.0,0.0,0.0,0.0
276,Valli,51,1.0,1.0,0.0,1.0,0.0,0.0,1.0,2.0,0.0,3.0,0.0,0.0,0.0,0.0,0.0
277,Valli,51,2.0,2.0,1.0,0.0,0.0,0.0,3.0,2.0,0.0,5.0,0.0,0.0,0.0,0.0,0.0
278,Valli,52,2.0,6.0,0.0,4.0,0.0,0.0,2.0,10.0,3.0,9.0,0.0,0.0,0.0,0.0,0.0
279,Valli,52,2.0,1.0,0.0,1.0,0.0,0.0,2.0,2.0,4.0,0.0,0.0,0.0,4.0,0.0,1.0
280,Valli,52,1.0,4.0,1.0,2.0,0.0,0.0,2.0,6.0,5.0,3.0,0.0,0.0,0.0,0.0,0.0
281,Valli,52,1.0,5.0,2.0,0.0,0.0,0.0,3.0,5.0,0.0,8.0,0.0,0.0,0.0,0.0,0.0
282,Valli,52,0.0,2.0,0.0,0.0,0.0,0.0,0.0,2.0,0.0,2.0,0.0,0.0,0.0,0.0,0.0
283,Valli,52,0.0,3.0,0.0,0.0,0.0,0.0,0.0,3.0,2.0,1.0,0.0,2.0,0.0,0.0,0.0
284,Valli,52,1.0,2.0,2.0,3.0,0.0,0.0,3.0,5.0,0.0,8.0,0.0,0.0,0.0,0.0,0.0
285,Valli,52,1.0,1.0,0.0,2.0,0.0,0.0,1.0,3.0,4.0,0.0,0.0,0.0,0.0,0.0,0.0
286,Valli,52,1.0,1.0,2.0,2.0,0.0,0.0,3.0,3.0,0.0,0.0,6.0,0.0,0.0,0.0,0.0
287,Valli,53,1.0,4.0,2.0,1.0,0.0,0.0,3.0,5.0,5.0,3.0,0.0,0.0,0.0,0.0,0.0
288,Valli,53,1.0,2.0,1.0,0.0,0.0,0.0,2.0,2.0,2.0,2.0,0.0,0.0,0.0,0.0,0.0
289,Valli,53,1.0,1.0,0.0,0.0,0.0,0.0,1.0,1.0,2.0,0.0,0.0,0.0,0.0,0.0,0.0
290,Valli,53,1.0,1.0,3.0,1.0,0.0,0.0,4.0,2.0,6.0,0.0,0.0,1.0,0.0,0.0,0.0
291,Valli,53,0.0,2.0,0.0,0.0,0.0,0.0,0.0,2.0,2.0,0.0,0.0,0.0,0.0,0.0,0.0
292,Valli,53,1.0,4.0,1.0,0.0,0.0,0.0,2.0,4.0,4.0,2.0,0.0,0.0,0.0,0.0,0.0
293,Valli,53,7.0,12.0,0.0,0.0,0.0,0.0,7.0,12.0,2.0,17.0,0.0,0.0,0.0,0.0,0.0
294,Valli,53,3.0,4.0,1.0,1.0,0.0,0.0,4.0,5.0,4.0,5.0,0.0,0.0,0.0,0.0,0.0
295,Valli,53,3.0,2.0,0.0,0.0,0.0,0.0,3.0,2.0,0.0,0.0,5.0,0.0,0.0,0.0,0.0
296,Valli,54,5.0,1.0,1.0,0.0,0.0,0.0,6.0,1.0,7.0,0.0,0.0,6.0,0.0,0.0,0.0
297,Valli,54,1.0,1.0,1.0,1.0,0.0,0.0,2.0,2.0,4.0,0.0,0.0,4.0,0.0,0.0,0.0
298,Valli,54,0.0,1.0,1.0,1.0,0.0,0.0,1.0,2.0,3.0,0.0,0.0,0.0,0.0,0.0,0.0
299,Valli,54,1.0,0.0,0.0,0.0,0.0,0.0,1.0,0.0,0.0,0.0,1.0,0.0,0.0,0.0,0.0
300,Valli,54,0.0,3.0,1.0,1.0,0.0,0.0,1.0,4.0,5.0,0.0,0.0,0.0,0.0,0.0,0.0
301,Valli,54,1.0,0.0,0.0,0.0,0.0,0.0,1.0,0.0,1.0,0.0,0.0,0.0,0.0,0.0,0.0
302,Valli,54,0.0,2.0,0.0,0.0,0.0,0.0,0.0,2.0,1.0,1.0,0.0,0.0,0.0,0.0,0.0
303,Valli,54,0.0,1.0,0.0,0.0,0.0,0.0,0.0,1.0,0.0,1.0,0.0,0.0,0.0,0.0,0.0
304,Valli,54,0.0,1.0,0.0,0.0,0.0,0.0,0.0,1.0,0.0,1.0,0.0,0.0,0.0,0.0,0.0
305,Valli,54,0.0,2.0,0.0,0.0,0.0,0.0,0.0,2.0,0.0,1.0,1.0,0.0,0.0,0.0,0.0
306,Valli,54,1.0,0.0,0.0,0.0,0.0,0.0,1.0,0.0,1.0,0.0,0.0,0.0,0.0,0.0,0.0
307,Valli,54,1.0,0.0,0.0,0.0,0.0,0.0,1.0,0.0,1.0,0.0,0.0,0.0,0.0,0.0,0.0
308,Valli,54,1.0,0.0,0.0,0.0,0.0,0.0,1.0,0.0,1.0,0.0,0.0,0.0,0.0,0.0,0.0
309,Valli,54,1.0,0.0,0.0,0.0,0.0,0.0,1.0,0.0,1.0,0.0,0.0,0.0,0.0,0.0,0.0
310,Valli,54,0.0,1.0,0.0,0.0,0.0,0.0,0.0,1.0,1.0,0.0,0.0,0.0,0.0,0.0,0.0
311,Valli,54,1.0,2.0,1.0,1.0,0.0,0.0,2.0,3.0,3.0,2.0,0.0,0.0,0.0,0.0,0.0
312,Valli,54,1.0,2.0,1.0,3.0,0.0,0.0,2.0,5.0,5.0,2.0,0.0,0.0,0.0,0.0,0.0
313,Valli,54,2.0,3.0,1.0,2.0,0.0,0.0,3.0,5.0,6.0,2.0,0.0,0.0,0.0,0.0,0.0
314,Valli,54,1.0,2.0,0.0,0.0,0.0,0.0,1.0,2.0,1.0,2.0,0.0,0.0,0.0,0.0,0.0
315,Valli,54,1.0,0.0,0.0,0.0,0.0,0.0,1.0,0.0,1.0,0.0,0.0,0.0,0.0,0.0,0.0
316,Valli,54,1.0,2.0,0.0,4.0,0.0,0.0,1.0,6.0,7.0,0.0,0.0,0.0,6.0,0.0,0.0
317,Valli,54,1.0,0.0,0.0,0.0,0.0,0.0,1.0,0.0,1.0,0.0,0.0,0.0,0.0,0.0,0.0
318,Valli,54,2.0,3.0,2.0,1.0,0.0,0.0,4.0,4.0,7.0,1.0,0.0,0.0,0.0,0.0,0.0
319,Valli,54,2.0,2.0,0.0,0.0,0.0,0.0,2.0,2.0,0.0,4.0,0.0,0.0,0.0,0.0,0.0
320,Valli,55,1.0,1.0,1.0,5.0,0.0,0.0,2.0,6.0,0.0,8.0,0.0,0.0,0.0,0.0,0.0
321,Valli,55,1.0,1.0,1.0,1.0,0.0,0.0,2.0,2.0,0.0,4.0,0.0,0.0,0.0,0.0,0.0
322,Valli,55,1.0,1.0,1.0,0.0,0.0,0.0,2.0,1.0,0.0,3.0,0.0,0.0,0.0,0.0,0.0
323,Valli,56,1.0,1.0,1.0,1.0,0.0,0.0,2.0,2.0,4.0,0.0,0.0,1.0,0.0,0.0,0.0
324,Valli,56,1.0,3.0,3.0,2.0,0.0,0.0,4.0,5.0,7.0,2.0,0.0,0.0,0.0,0.0,0.0
325,Valli,56,1.0,1.0,0.0,2.0,0.0,0.0,1.0,3.0,0.0,4.0,0.0,2.0,0.0,0.0,0.0
326,Valli,56,0.0,1.0,0.0,0.0,0.0,0.0,0.0,1.0,0.0,1.0,0.0,0.0,0.0,0.0,0.0
327,Valli,56,0.0,1.0,0.0,0.0,0.0,0.0,0.0,1.0,0.0,1.0,0.0,0.0,0.0,0.0,0.0
328,Valli,57,2.0,5.0,1.0,3.0,0.0,0.0,3.0,8.0,7.0,4.0,0.0,0.0,0.0,0.0,0.0
329,Valli,57,1.0,1.0,0.0,0.0,0.0,0.0,1.0,1.0,1.0,1.0,0.0,0.0,0.0,0.0,0.0
330,Valli,57,1.0,2.0,0.0,0.0,0.0,0.0,1.0,2.0,2.0,1.0,0.0,0.0,0.0,0.0,0.0
331,Valli,57,1.0,2.0,0.0,0.0,0.0,0.0,1.0,2.0,2.0,1.0,0.0,0.0,0.0,0.0,0.0
332,Valli,57,3.0,3.0,1.0,1.0,0.0,0.0,4.0,4.0,7.0,1.0,0.0,0.0,0.0,0.0,0.0
333,Valli,57,1.0,2.0,0.0,1.0,0.0,0.0,1.0,3.0,3.0,1.0,0.0,0.0,0.0,0.0,0.0
334,Valli,57,1.0,2.0,0.0,0.0,0.0,0.0,1.0,2.0,2.0,1.0,0.0,2.0,0.0,0.0,0.0
335,Valli,57,0.0,2.0,0.0,0.0,0.0,0.0,0.0,2.0,0.0,1.0,1.0,0.0,0.0,0.0,0.0
336,Valli,57,1.0,1.0,1.0,4.0,0.0,0.0,2.0,5.0,7.0,0.0,0.0,0.0,0.0,0.0,0.0
337,Valli,57,0.0,1.0,1.0,0.0,0.0,0.0,1.0,1.0,0.0,0.0,2.0,0.0,0.0,0.0,0.0
338,Valli,57,0.0,2.0,0.0,0.0,0.0,0.0,0.0,2.0,1.0,1.0,0.0,0.0,0.0,0.0,0.0
339,Valli,57,1.0,1.0,0.0,0.0,0.0,0.0,1.0,1.0,0.0,2.0,0.0,0.0,0.0,0.0,0.0
340,Valli,57,1.0,1.0,0.0,1.0,0.0,0.0,1.0,2.0,0.0,0.0,3.0,0.0,0.0,0.0,0.0
341,Valli,57,1.0,1.0,0.0,1.0,0.0,0.0,1.0,2.0,0.0,3.0,0.0,0.0,0.0,0.0,0.0
342,Valli,57,1.0,0.0,0.0,0.0,0.0,0.0,1.0,0.0,0.0,0.0,1.0,0.0,0.0,0.0,0.0
343,Valli,57,0.0,1.0,0.0,0.0,0.0,0.0,0.0,1.0,0.0,1.0,0.0,0.0,0.0,0.0,0.0
344,Valli,57,0.0,4.0,0.0,3.0,0.0,0.0,0.0,7.0,6.0,1.0,0.0,0.0,0.0,0.0,0.0
345,Valli,58,1.0,2.0,0.0,0.0,0.0,0.0,1.0,2.0,2.0,1.0,0.0,0.0,0.0,0.0,0.0
346,Valli,58,1.0,1.0,0.0,0.0,0.0,0.0,1.0,1.0,2.0,0.0,0.0,0.0,0.0,0.0,0.0
347,Valli,58,0.0,0.0,0.0,1.0,0.0,0.0,0.0,1.0,0.0,0.0,1.0,0.0,0.0,0.0,0.0
348,Valli,58,1.0,1.0,0.0,2.0,0.0,0.0,1.0,3.0,0.0,4.0,0.0,0.0,0.0,0.0,0.0
349,Valli,58,0.0,1.0,0.0,0.0,0.0,0.0,0.0,1.0,0.0,0.0,1.0,0.0,0.0,0.0,0.0
350,Valli,58,0.0,1.0,0.0,0.0,0.0,0.0,0.0,1.0,0.0,1.0,0.0,0.0,0.0,0.0,0.0
351,Valli,59,1.0,2.0,1.0,1.0,0.0,0.0,2.0,3.0,4.0,1.0,0.0,0.0,0.0,0.0,0.0
352,Valli,59,1.0,1.0,0.0,2.0,0.0,0.0,1.0,3.0,0.0,4.0,0.0,0.0,0.0,0.0,0.0
353,Valli,59,1.0,0.0,0.0,0.0,0.0,0.0,1.0,0.0,0.0,0.0,1.0,0.0,0.0,0.0,0.0
354,Valli,59,1.0,2.0,1.0,2.0,0.0,0.0,2.0,4.0,4.0,2.0,0.0,1.0,0.0,0.0,0.0
355,Valli,59,1.0,0.0,0.0,0.0,0.0,0.0,1.0,0.0,1.0,0.0,0.0,0.0,0.0,0.0,0.0
356,Valli,59,0.0,2.0,0.0,0.0,0.0,0.0,0.0,2.0,1.0,1.0,0.0,0.0,0.0,0.0,0.0
357,Valli,59,0.0,2.0,1.0,0.0,0.0,0.0,0.0,3.0,2.0,1.0,0.0,2.0,0.0,0.0,0.0
358,Valli,59,0.0,1.0,0.0,0.0,0.0,0.0,0.0,1.0,0.0,1.0,0.0,0.0,0.0,0.0,0.0
359,Valli,60,3.0,4.0,2.0,2.0,0.0,0.0,5.0,6.0,5.0,6.0,0.0,0.0,0.0,0.0,0.0
360,Valli,60,1.0,0.0,0.0,0.0,0.0,0.0,1.0,0.0,0.0,1.0,0.0,0.0,0.0,0.0,0.0
361,Valli,60,1.0,0.0,0.0,0.0,0.0,0.0,1.0,0.0,0.0,1.0,0.0,0.0,0.0,0.0,1.0
362,Valli,60,0.0,1.0,0.0,0.0,0.0,0.0,0.0,1.0,1.0,0.0,0.0,0.0,0.0,0.0,0.0
363,Valli,60,1.0,2.0,0.0,0.0,0.0,0.0,1.0,2.0,0.0,3.0,0.0,0.0,0.0,0.0,0.0
364,Valli,60,1.0,3.0,0.0,0.0,0.0,0.0,1.0,3.0,2.0,2.0,0.0,0.0,0.0,0.0,0.0
365,Valli,60,1.0,0.0,0.0,0.0,0.0,0.0,1.0,0.0,1.0,0.0,0.0,0.0,0.0,0.0,0.0
366,Valli,60,1.0,4.0,0.0,5.0,0.0,0.0,1.0,7.0,5.0,5.0,0.0,0.0,0.0,0.0,0.0
367,Valli,60,5.0,2.0,0.0,0.0,0.0,0.0,5.0,2.0,4.0,1.0,0.0,0.0,0.0,0.0,0.0
368,Valli,60,1.0,3.0,1.0,0.0,0.0,0.0,2.0,3.0,3.0,2.0,0.0,1.0,0.0,0.0,0.0
369,Valli,60,1.0,0.0,0.0,0.0,0.0,0.0,1.0,0.0,1.0,0.0,0.0,0.0,0.0,0.0,0.0
370,Valli,60,1.0,2.0,0.0,0.0,0.0,0.0,1.0,2.0,2.0,1.0,0.0,0.0,0.0,0.0,0.0
371,Valli,60,0.0,1.0,0.0,1.0,0.0,0.0,0.0,2.0,2.0,0.0,0.0,0.0,0.0,0.0,0.0
372,Valli,60,0.0,1.0,0.0,0.0,0.0,0.0,0.0,1.0,1.0,0.0,0.0,0.0,0.0,0.0,0.0
373,Valli,60,1.0,2.0,1.0,1.0,0.0,0.0,2.0,3.0,0.0,5.0,0.0,0.0,0.0,0.0,0.0
374,Valli,61,2.0,4.0,0.0,1.0,0.0,0.0,2.0,5.0,4.0,3.0,0.0,0.0,0.0,0.0,0.0
375,Valli,61,1.0,5.0,1.0,2.0,0.0,0.0,2.0,5.0,5.0,2.0,0.0,0.0,0.0,0.0,0.0
376,Valli,61,0.0,2.0,1.0,1.0,0.0,0.0,1.0,5.0,2.0,2.0,0.0,0.0,0.0,0.0,0.0
377,Valli,61,1.0,5.0,0.0,4.0,0.0,0.0,1.0,9.0,5.0,5.0,0.0,0.0,0.0,0.0,0.0
378,Valli,61,1.0,2.0,0.0,1.0,0.0,0.0,1.0,3.0,3.0,1.0,0.0,0.0,0.0,0.0,0.0
379,Valli,61,2.0,1.0,1.0,1.0,0.0,0.0,3.0,2.0,4.0,1.0,0.0,0.0,0.0,0.0,0.0
380,Valli,61,1.0,0.0,0.0,0.0,0.0,0.0,1.0,0.0,1.0,0.0,0.0,0.0,0.0,0.0,0.0
381,Valli,61,0.0,2.0,0.0,0.0,0.0,0.0,0.0,2.0,1.0,1.0,0.0,1.0,0.0,0.0,0.0
382,Valli,63,1.0,4.0,5.0,1.0,0.0,0.0,6.0,5.0,7.0,4.0,0.0,0.0,0.0,0.0,0.0
383,Valli,63,1.0,1.0,2.0,0.0,0.0,0.0,3.0,1.0,0.0,4.0,0.0,0.0,0.0,0.0,0.0
384,Valli,63,1.0,5.0,1.0,2.0,0.0,0.0,2.0,7.0,5.0,4.0,0.0,0.0,0.0,0.0,0.0
385,Valli,64,0.0,1.0,1.0,0.0,0.0,0.0,1.0,1.0,1.0,1.0,0.0,1.0,0.0,0.0,0.0
386,Valli,64,4.0,0.0,0.0,1.0,0.0,0.0,4.0,1.0,3.0,2.0,0.0,0.0,0.0,0.0,0.0
387,Valli,65,1.0,1.0,0.0,0.0,0.0,0.0,1.0,1.0,1.0,1.0,0.0,0.0,0.0,0.0,0.0
388,Valli,65,1.0,3.0,0.0,0.0,0.0,0.0,1.0,5.0,2.0,2.0,0.0,0.0,0.0,0.0,0.0
389,Valli,65,1.0,3.0,0.0,0.0,0.0,0.0,1.0,3.0,2.0,2.0,0.0,0.0,0.0,0.0,0.0
390,Valli,65,0.0,1.0,0.0,0.0,0.0,0.0,0.0,1.0,1.0,0.0,0.0,0.0,0.0,0.0,0.0
391,Valli,65,0.0,1.0,0.0,0.0,0.0,0.0,0.0,1.0,0.0,1.0,0.0,0.0,0.0,0.0,0.0
392,Valli,65,0.0,2.0,0.0,0.0,0.0,0.0,0.0,2.0,0.0,2.0,0.0,0.0,0.0,0.0,0.0
393,Valli,65,0.0,1.0,0.0,0.0,0.0,0.0,0.0,1.0,0.0,1.0,0.0,0.0,0.0,0.0,0.0
394,Valli,65,2.0,1.0,1.0,2.0,0.0,0.0,3.0,3.0,5.0,1.0,0.0,0.0,0.0,0.0,1.0
395,Valli,65,2.0,3.0,1.0,0.0,0.0,0.0,3.0,3.0,6.0,0.0,0.0,0.0,0.0,0.0,0.0
396,Valli,65,0.0,1.0,0.0,0.0,0.0,0.0,0.0,1.0,0.0,0.0,1.0,1.0,0.0,0.0,0.0
397,Valli,65,0.0,0.0,0.0,1.0,0.0,0.0,0.0,1.0,0.0,0.0,1.0,0.0,0.0,0.0,0.0
398,Valli,65,1.0,1.0,0.0,0.0,0.0,0.0,1.0,1.0,0.0,0.0,2.0,0.0,0.0,0.0,0.0
399,Valli,65,3.0,2.0,0.0,0.0,0.0,0.0,3.0,2.0,2.0,3.0,0.0,0.0,0.0,0.0,0.0
400,Valli,66,8.0,6.0,2.0,2.0,0.0,0.0,10.0,8.0,1.0,17.0,0.0,1.0,0.0,0.0,0.0
401,Valli,67,4.0,9.0,0.0,0.0,0.0,0.0,4.0,9.0,3.0,10.0,0.0,0.0,0.0,0.0,0.0
402,Valli,67,0.0,2.0,1.0,0.0,0.0,0.0,1.0,2.0,1.0,2.0,0.0,2.0,0.0,0.0,0.0
403,Valli,67,1.0,3.0,0.0,1.0,0.0,0.0,1.0,4.0,5.0,0.0,0.0,5.0,0.0,0.0,0.0
404,Valli,67,0.0,1.0,0.0,0.0,0.0,0.0,0.0,1.0,0.0,1.0,0.0,0.0,0.0,0.0,0.0
405,Valli,68,1.0,1.0,1.0,2.0,0.0,0.0,2.0,3.0,5.0,0.0,0.0,0.0,0.0,0.0,0.0
406,Valli,68,1.0,1.0,1.0,1.0,0.0,0.0,2.0,2.0,0.0,4.0,0.0,0.0,0.0,0.0,0.0
407,Valli,68,1.0,1.0,0.0,0.0,0.0,0.0,1.0,1.0,2.0,0.0,0.0,0.0,0.0,0.0,0.0
408,Valli,68,2.0,1.0,0.0,3.0,0.0,0.0,2.0,4.0,5.0,1.0,0.0,0.0,0.0,0.0,0.0
409,Valli,68,1.0,0.0,0.0,0.0,0.0,0.0,1.0,0.0,0.0,1.0,0.0,0.0,0.0,0.0,0.0
410,Valli,68,0.0,2.0,0.0,0.0,0.0,0.0,0.0,2.0,2.0,0.0,0.0,0.0,0.0,0.0,0.0
411,Valli,68,1.0,1.0,0.0,1.0,0.0,0.0,1.0,2.0,3.0,0.0,0.0,0.0,0.0,0.0,0.0
412,Valli,68,0.0,1.0,0.0,0.0,0.0,0.0,0.0,1.0,0.0,0.0,1.0,0.0,0.0,0.0,0.0
413,Valli,68,0.0,1.0,0.0,0.0,0.0,0.0,0.0,1.0,0.0,1.0,0.0,0.0,0.0,0.0,0.0
414,Valli,68,1.0,1.0,0.0,0.0,0.0,0.0,1.0,1.0,0.0,0.0,2.0,0.0,0.0,0.0,0.0
415,Valli,68,1.0,0.0,0.0,0.0,0.0,0.0,1.0,0.0,0.0,0.0,1.0,0.0,0.0,0.0,0.0
416,Valli,68,1.0,1.0,0.0,2.0,0.0,0.0,1.0,3.0,0.0,0.0,4.0,2.0,0.0,0.0,0.0
417,Valli,69,1.0,0.0,0.0,1.0,0.0,0.0,1.0,1.0,1.0,1.0,0.0,1.0,0.0,0.0,0.0
418,Valli,69,1.0,2.0,0.0,0.0,0.0,0.0,1.0,2.0,3.0,0.0,0.0,0.0,0.0,0.0,0.0
419,Valli,69,0.0,1.0,0.0,0.0,0.0,0.0,0.0,1.0,1.0,0.0,0.0,0.0,0.0,0.0,0.0
420,Valli,69,0.0,1.0,0.0,0.0,0.0,0.0,0.0,1.0,0.0,0.0,1.0,0.0,0.0,0.0,0.0
421,Valli,69,0.0,1.0,0.0,0.0,0.0,0.0,0.0,1.0,0.0,1.0,0.0,0.0,0.0,0.0,0.0
422,Valli,69,1.0,0.0,0.0,0.0,0.0,0.0,1.0,0.0,1.0,0.0,0.0,0.0,0.0,0.0,0.0
423,Valli,69,1.0,0.0,0.0,0.0,0.0,0.0,1.0,0.0,1.0,0.0,0.0,0.0,0.0,0.0,0.0
424,Valli,69,1.0,1.0,0.0,0.0,0.0,0.0,1.0,1.0,0.0,0.0,0.0,0.0,0.0,0.0,0.0
425,Valli,69,1.0,2.0,1.0,0.0,0.0,0.0,2.0,2.0,3.0,1.0,0.0,0.0,0.0,0.0,0.0
426,Valli,69,0.0,1.0,0.0,0.0,0.0,0.0,0.0,1.0,0.0,1.0,0.0,0.0,0.0,0.0,0.0
427,Valli,69,1.0,3.0,0.0,3.0,0.0,0.0,1.0,6.0,5.0,2.0,0.0,1.0,0.0,0.0,0.0
428,Valli,69,3.0,1.0,1.0,2.0,0.0,0.0,4.0,3.0,4.0,3.0,0.0,0.0,0.0,0.0,0.0
429,Valli,69,1.0,0.0,0.0,0.0,0.0,0.0,1.0,0.0,0.0,0.0,1.0,0.0,0.0,0.0,1.0
430,Valli,70,1.0,0.0,0.0,0.0,0.0,0.0,1.0,0.0,1.0,0.0,0.0,0.0,0.0,0.0,0.0
431,Valli,70,1.0,2.0,0.0,0.0,0.0,0.0,1.0,2.0,2.0,1.0,0.0,0.0,0.0,0.0,0.0
432,Valli,70,1.0,3.0,1.0,1.0,0.0,0.0,2.0,4.0,4.0,2.0,0.0,0.0,0.0,0.0,0.0
433,Valli,70,2.0,1.0,1.0,0.0,0.0,0.0,3.0,1.0,3.0,1.0,0.0,0.0,0.0,0.0,0.0
434,Valli,70,1.0,2.0,1.0,0.0,0.0,0.0,2.0,2.0,0.0,1.0,3.0,0.0,0.0,0.0,0.0
435,Valli,70,0.0,1.0,2.0,0.0,0.0,0.0,2.0,1.0,0.0,0.0,3.0,3.0,0.0,0.0,0.0
436,Valli,70,1.0,0.0,0.0,0.0,0.0,0.0,1.0,0.0,0.0,0.0,1.0,1.0,0.0,0.0,0.0
437,Valli,70,0.0,1.0,0.0,1.0,0.0,0.0,0.0,2.0,0.0,0.0,2.0,0.0,0.0,0.0,0.0
438,Valli,70,1.0,1.0,1.0,1.0,0.0,0.0,2.0,2.0,4.0,0.0,0.0,0.0,0.0,0.0,0.0
439,Valli,70,1.0,1.0,2.0,1.0,0.0,0.0,3.0,2.0,0.0,5.0,0.0,0.0,0.0,0.0,0.0
440,Valli,71,3.0,4.0,0.0,0.0,0.0,0.0,3.0,4.0,5.0,2.0,0.0,5.0,0.0,0.0,0.0
441,Valli,71,1.0,1.0,1.0,1.0,0.0,0.0,2.0,2.0,2.0,2.0,0.0,0.0,0.0,0.0,0.0
442,Valli,71,2.0,1.0,0.0,1.0,0.0,0.0,2.0,2.0,2.0,2.0,0.0,0.0,0.0,0.0,0.0
443,Valli,72,1.0,4.0,1.0,0.0,0.0,0.0,2.0,4.0,3.0,3.0,0.0,0.0,0.0,0.0,0.0
444,Valli,72,1.0,1.0,0.0,1.0,0.0,0.0,1.0,2.0,0.0,3.0,0.0,0.0,0.0,0.0,0.0
445,Valli,73,0.0,3.0,1.0,0.0,0.0,0.0,1.0,3.0,2.0,2.0,0.0,0.0,0.0,0.0,0.0
446,Valli,73,1.0,2.0,2.0,0.0,0.0,0.0,3.0,2.0,4.0,1.0,0.0,0.0,0.0,0.0,0.0
447,Valli,73,1.0,3.0,0.0,0.0,0.0,0.0,1.0,3.0,2.0,2.0,0.0,0.0,0.0,0.0,0.0
448,Valli,73,1.0,1.0,2.0,1.0,0.0,0.0,3.0,2.0,5.0,0.0,0.0,0.0,0.0,0.0,0.0
449,Valli,73,1.0,1.0,1.0,0.0,0.0,0.0,2.0,1.0,0.0,3.0,0.0,0.0,0.0,0.0,0.0
450,Valli,73,0.0,1.0,0.0,0.0,0.0,0.0,0.0,1.0,0.0,0.0,0.0,0.0,0.0,0.0,0.0
451,Valli,73,3.0,1.0,0.0,0.0,0.0,0.0,3.0,1.0,2.0,2.0,0.0,0.0,0.0,0.0,0.0
452,Valli,74,1.0,0.0,0.0,0.0,0.0,0.0,1.0,0.0,0.0,1.0,0.0,0.0,0.0,0.0,0.0
453,Valli,74,2.0,1.0,1.0,1.0,0.0,0.0,3.0,2.0,4.0,1.0,0.0,0.0,0.0,0.0,0.0
454,Valli,74,0.0,1.0,0.0,0.0,0.0,0.0,0.0,1.0,0.0,0.0,1.0,0.0,0.0,0.0,0.0
455,Valli,74,0.0,0.0,0.0,1.0,0.0,0.0,0.0,1.0,1.0,0.0,0.0,0.0,0.0,0.0,0.0
456,Valli,74,0.0,3.0,1.0,2.0,0.0,0.0,1.0,5.0,0.0,1.0,5.0,0.0,0.0,0.0,0.0
457,Valli,74,0.0,1.0,0.0,0.0,0.0,0.0,0.0,1.0,0.0,0.0,1.0,0.0,0.0,0.0,0.0
458,Valli,74,1.0,0.0,0.0,0.0,0.0,0.0,1.0,0.0,0.0,1.0,0.0,0.0,0.0,0.0,0.0
459,Valli,74,1.0,0.0,0.0,0.0,0.0,0.0,1.0,0.0,0.0,1.0,0.0,0.0,0.0,0.0,0.0
460,Valli,74,2.0,3.0,0.0,0.0,0.0,0.0,2.0,3.0,0.0,1.0,4.0,0.0,0.0,0.0,0.0
461,Valli,75,2.0,2.0,0.0,1.0,0.0,0.0,2.0,3.0,4.0,1.0,0.0,0.0,0.0,0.0,1.0
462,Valli,75,1.0,5.0,3.0,4.0,0.0,0.0,4.0,9.0,10.0,3.0,0.0,0.0,0.0,0.0,0.0
463,Valli,75,2.0,3.0,0.0,1.0,0.0,0.0,2.0,4.0,6.0,0.0,0.0,6.0,0.0,0.0,1.0
464,Valli,75,1.0,1.0,0.0,0.0,0.0,0.0,1.0,1.0,2.0,0.0,0.0,0.0,0.0,0.0,0.0
465,Valli,75,0.0,2.0,0.0,0.0,0.0,0.0,0.0,2.0,2.0,0.0,0.0,2.0,0.0,0.0,0.0
466,Valli,75,1.0,1.0,0.0,0.0,0.0,0.0,1.0,1.0,0.0,2.0,0.0,1.0,0.0,0.0,0.0
467,Valli,75,1.0,1.0,2.0,0.0,0.0,0.0,3.0,1.0,4.0,0.0,0.0,0.0,0.0,0.0,0.0
468,Valli,75,1.0,0.0,0.0,0.0,0.0,0.0,1.0,0.0,0.0,0.0,1.0,0.0,0.0,0.0,0.0
469,Valli,75,2.0,2.0,0.0,0.0,0.0,0.0,2.0,2.0,4.0,0.0,0.0,0.0,0.0,0.0,0.0
470,Valli,76,0.0,0.0,0.0,0.0,0.0,0.0,0.0,0.0,0.0,0.0,0.0,0.0,0.0,0.0,0.0
471,Valli,77,0.0,0.0,0.0,0.0,0.0,0.0,0.0,0.0,0.0,0.0,0.0,0.0,0.0,0.0,0.0
472,Valli,79,2.0,3.0,1.0,0.0,0.0,0.0,3.0,3.0,4.0,2.0,0.0,0.0,0.0,0.0,0.0
473,Valli,79,2.0,2.0,0.0,0.0,0.0,0.0,2.0,2.0,0.0,4.0,0.0,1.0,0.0,0.0,0.0
474,Valli,79,2.0,2.0,2.0,2.0,0.0,0.0,4.0,4.0,7.0,1.0,0.0,0.0,0.0,0.0,0.0
475,Valli,80,1.0,0.0,0.0,0.0,0.0,0.0,1.0,0.0,1.0,0.0,0.0,0.0,0.0,0.0,0.0
476,Valli,80,1.0,0.0,0.0,0.0,0.0,0.0,1.0,0.0,1.0,0.0,0.0,0.0,0.0,0.0,0.0
477,Valli,80,1.0,3.0,1.0,1.0,0.0,0.0,2.0,4.0,4.0,2.0,0.0,0.0,0.0,0.0,0.0
478,Valli,80,0.0,1.0,0.0,0.0,0.0,0.0,0.0,1.0,1.0,0.0,0.0,0.0,0.0,0.0,0.0
479,Valli,80,2.0,2.0,0.0,0.0,0.0,0.0,2.0,2.0,0.0,4.0,0.0,0.0,0.0,0.0,0.0
480,Valli,81,2.0,1.0,1.0,0.0,0.0,0.0,2.0,2.0,4.0,0.0,0.0,0.0,0.0,0.0,0.0
481,Valli,81,0.0,1.0,0.0,0.0,0.0,0.0,0.0,1.0,0.0,0.0,1.0,0.0,0.0,0.0,0.0
482,Valli,81,1.0,5.0,1.0,2.0,0.0,0.0,2.0,7.0,6.0,3.0,0.0,0.0,0.0,0.0,0.0
483,Valli,81,1.0,0.0,0.0,0.0,0.0,0.0,1.0,0.0,1.0,0.0,0.0,0.0,0.0,0.0,0.0
484,Valli,81,1.0,2.0,2.0,1.0,0.0,0.0,3.0,3.0,0.0,6.0,0.0,0.0,0.0,0.0,0.0
485,Valli,81,1.0,0.0,0.0,0.0,0.0,0.0,1.0,0.0,0.0,1.0,0.0,0.0,0.0,0.0,0.0
486,Valli,81,1.0,1.0,0.0,0.0,0.0,0.0,1.0,1.0,0.0,2.0,0.0,0.0,0.0,0.0,0.0
487,Valli,81,0.0,1.0,0.0,0.0,0.0,0.0,0.0,1.0,0.0,1.0,0.0,0.0,0.0,0.0,0.0
488,Valli,82,1.0,3.0,0.0,0.0,0.0,0.0,1.0,3.0,3.0,1.0,0.0,3.0,0.0,0.0,0.0
489,Valli,82,1.0,2.0,2.0,0.0,0.0,0.0,3.0,2.0,5.0,0.0,0.0,0.0,0.0,0.0,0.0
490,Valli,82,0.0,1.0,1.0,1.0,0.0,0.0,1.0,2.0,0.0,0.0,3.0,0.0,0.0,0.0,0.0
491,Valli,83,2.0,5.0,0.0,0.0,0.0,0.0,2.0,5.0,3.0,4.0,0.0,0.0,0.0,0.0,1.0
492,Valli,83,2.0,1.0,1.0,2.0,0.0,0.0,3.0,3.0,5.0,1.0,0.0,0.0,0.0,0.0,0.0
493,Valli,85,0.0,1.0,0.0,0.0,0.0,0.0,0.0,1.0,0.0,0.0,1.0,0.0,0.0,0.0,0.0
494,Valli,85,1.0,1.0,0.0,0.0,0.0,0.0,1.0,1.0,0.0,0.0,2.0,0.0,0.0,0.0,0.0
495,Valli,85,1.0,0.0,0.0,0.0,0.0,0.0,1.0,0.0,0.0,0.0,1.0,0.0,0.0,0.0,0.0
496,Valli,85,1.0,0.0,0.0,0.0,0.0,0.0,1.0,0.0,0.0,0.0,1.0,0.0,0.0,0.0,1.0
497,Valli,85,1.0,0.0,0.0,0.0,0.0,0.0,1.0,0.0,0.0,0.0,1.0,0.0,0.0,0.0,0.0
498,Valli,85,1.0,0.0,0.0,0.0,0.0,0.0,1.0,0.0,0.0,0.0,1.0,0.0,0.0,0.0,0.0
499,Valli,85,1.0,1.0,1.0,0.0,0.0,0.0,2.0,1.0,0.0,0.0,3.0,0.0,0.0,0.0,0.0
500,Valli,85,1.0,0.0,0.0,0.0,0.0,0.0,1.0,0.0,0.0,0.0,1.0,0.0,0.0,0.0,1.0
501,Valli,85,1.0,1.0,1.0,0.0,0.0,0.0,2.0,1.0,3.0,0.0,0.0,0.0,0.0,0.0,0.0
502,Valli,86,1.0,2.0,1.0,0.0,0.0,0.0,2.0,2.0,3.0,1.0,0.0,0.0,0.0,0.0,0.0
503,Valli,86,0.0,0.0,0.0,1.0,0.0,0.0,0.0,1.0,1.0,0.0,0.0,0.0,0.0,0.0,0.0
504,Valli,87,2.0,2.0,0.0,0.0,0.0,0.0,2.0,2.0,4.0,0.0,0.0,0.0,0.0,0.0,0.0
505,Valli,87,1.0,0.0,0.0,0.0,0.0,0.0,1.0,0.0,1.0,0.0,0.0,0.0,0.0,0.0,0.0
506,Valli,87,1.0,1.0,0.0,0.0,0.0,0.0,1.0,1.0,2.0,0.0,0.0,0.0,0.0,0.0,0.0
507,Valli,87,2.0,1.0,2.0,5.0,0.0,0.0,4.0,6.0,9.0,1.0,0.0,0.0,0.0,0.0,0.0
508,Valli,88,5.0,5.0,4.0,1.0,0.0,0.0,7.0,4.0,7.0,4.0,0.0,0.0,0.0,0.0,0.0
509,Valli,89,2.0,4.0,1.0,0.0,0.0,0.0,5.0,4.0,5.0,2.0,0.0,0.0,0.0,0.0,0.0
510,Valli,89,1.0,4.0,0.0,5.0,0.0,0.0,1.0,9.0,6.0,4.0,0.0,0.0,0.0,0.0,0.0
511,Valli,89,1.0,2.0,1.0,1.0,0.0,0.0,2.0,3.0,0.0,0.0,5.0,0.0,0.0,0.0,0.0
512,Valli,89,1.0,0.0,0.0,0.0,0.0,0.0,1.0,0.0,0.0,1.0,0.0,0.0,0.0,0.0,0.0
513,Valli,89,1.0,1.0,0.0,3.0,0.0,0.0,1.0,4.0,5.0,0.0,0.0,0.0,0.0,0.0,0.0
514,Valli,90,2.0,2.0,0.0,0.0,0.0,0.0,2.0,2.0,2.0,2.0,0.0,0.0,0.0,0.0,0.0
515,Valli,90,2.0,6.0,1.0,1.0,0.0,0.0,3.0,7.0,7.0,3.0,0.0,0.0,0.0,0.0,0.0
516,Valli,90,3.0,1.0,0.0,2.0,0.0,0.0,3.0,3.0,6.0,0.0,0.0,0.0,0.0,0.0,0.0
517,Valli,90,1.0,2.0,0.0,0.0,0.0,0.0,1.0,2.0,0.0,3.0,0.0,1.0,0.0,0.0,0.0
518,Valli,90,1.0,2.0,1.0,1.0,0.0,0.0,2.0,3.0,0.0,0.0,5.0,0.0,0.0,0.0,0.0
519,Valli,92,1.0,4.0,0.0,1.0,0.0,0.0,1.0,5.0,4.0,2.0,0.0,0.0,0.0,0.0,0.0
520,Valli,92,1.0,3.0,2.0,2.0,0.0,0.0,3.0,5.0,0.0,8.0,0.0,0.0,0.0,0.0,0.0
521,Valli,92,3.0,2.0,0.0,3.0,0.0,0.0,3.0,5.0,8.0,0.0,0.0,0.0,0.0,0.0,1.0
522,Valli,93,1.0,2.0,0.0,0.0,0.0,0.0,1.0,2.0,2.0,1.0,0.0,0.0,0.0,0.0,0.0
523,Valli,93,0.0,2.0,0.0,0.0,0.0,0.0,0.0,2.0,1.0,1.0,0.0,0.0,0.0,0.0,0.0
524,Valli,93,0.0,1.0,0.0,0.0,0.0,0.0,0.0,1.0,0.0,1.0,0.0,0.0,0.0,0.0,0.0
525,Valli,93,0.0,1.0,0.0,0.0,0.0,0.0,0.0,1.0,0.0,1.0,0.0,0.0,0.0,0.0,0.0
526,Valli,93,0.0,1.0,0.0,0.0,0.0,0.0,0.0,1.0,1.0,0.0,0.0,0.0,0.0,0.0,0.0
527,Valli,93,0.0,3.0,0.0,0.0,0.0,0.0,0.0,3.0,1.0,2.0,0.0,0.0,0.0,0.0,0.0
528,Valli,93,0.0,1.0,0.0,0.0,0.0,0.0,0.0,1.0,1.0,0.0,0.0,0.0,0.0,0.0,0.0
529,Valli,93,0.0,1.0,0.0,0.0,0.0,0.0,0.0,1.0,1.0,0.0,0.0,0.0,0.0,0.0,0.0
530,Valli,93,1.0,1.0,0.0,0.0,0.0,0.0,1.0,1.0,0.0,0.0,2.0,0.0,0.0,0.0,0.0
531,Valli,93,1.0,1.0,1.0,1.0,0.0,0.0,2.0,2.0,0.0,0.0,4.0,0.0,0.0,0.0,0.0
532,Valli,93,0.0,1.0,0.0,0.0,0.0,0.0,0.0,1.0,0.0,0.0,1.0,0.0,0.0,0.0,0.0
533,Valli,93,2.0,1.0,1.0,0.0,0.0,0.0,3.0,1.0,4.0,0.0,0.0,0.0,0.0,0.0,0.0
534,Valli,94,1.0,3.0,2.0,4.0,0.0,0.0,3.0,7.0,9.0,1.0,0.0,0.0,0.0,0.0,0.0
535,Valli,94,1.0,2.0,0.0,2.0,0.0,0.0,1.0,4.0,4.0,1.0,0.0,0.0,0.0,0.0,0.0
536,Valli,94,1.0,2.0,1.0,2.0,0.0,0.0,2.0,4.0,0.0,6.0,0.0,5.0,0.0,0.0,0.0
537,Valli,94,1.0,0.0,0.0,0.0,0.0,0.0,1.0,0.0,0.0,1.0,0.0,0.0,0.0,0.0,0.0
538,Valli,94,1.0,3.0,1.0,0.0,0.0,0.0,2.0,3.0,4.0,1.0,0.0,1.0,0.0,0.0,0.0
539,Valli,94,0.0,2.0,0.0,0.0,0.0,0.0,0.0,2.0,0.0,0.0,2.0,0.0,0.0,0.0,0.0
540,Valli,94,1.0,1.0,0.0,1.0,0.0,0.0,1.0,2.0,0.0,0.0,3.0,0.0,0.0,0.0,0.0
541,Valli,94,1.0,1.0,0.0,0.0,0.0,0.0,1.0,1.0,0.0,2.0,0.0,0.0,0.0,0.0,0.0
542,Valli,94,1.0,1.0,0.0,0.0,0.0,0.0,1.0,1.0,0.0,0.0,2.0,0.0,0.0,0.0,0.0
543,Valli,95,5.0,5.0,1.0,1.0,0.0,0.0,4.0,4.0,6.0,2.0,0.0,0.0,0.0,0.0,0.0
544,Valli,96,1.0,0.0,0.0,0.0,0.0,0.0,1.0,0.0,1.0,0.0,0.0,0.0,0.0,0.0,0.0
545,Valli,96,2.0,1.0,1.0,0.0,0.0,0.0,3.0,1.0,3.0,1.0,0.0,0.0,0.0,0.0,0.0
546,Valli,96,2.0,1.0,0.0,1.0,0.0,0.0,2.0,2.0,0.0,0.0,4.0,0.0,0.0,0.0,1.0
547,Valli,97,1.0,1.0,0.0,3.0,0.0,0.0,1.0,4.0,5.0,0.0,0.0,0.0,0.0,0.0,0.0
548,Valli,97,0.0,0.0,1.0,0.0,0.0,0.0,1.0,0.0,0.0,0.0,1.0,0.0,0.0,0.0,0.0
549,Valli,97,0.0,1.0,0.0,1.0,0.0,0.0,0.0,2.0,0.0,0.0,2.0,0.0,0.0,0.0,0.0
550,Valli,97,1.0,1.0,2.0,1.0,0.0,0.0,3.0,2.0,5.0,0.0,0.0,0.0,0.0,0.0,0.0
551,Valli,97,0.0,1.0,0.0,0.0,0.0,0.0,0.0,1.0,0.0,0.0,1.0,0.0,0.0,0.0,0.0
552,Valli,97,0.0,1.0,0.0,1.0,0.0,0.0,0.0,2.0,2.0,0.0,0.0,0.0,0.0,0.0,0.0
553,Valli,97,0.0,1.0,0.0,0.0,0.0,0.0,0.0,1.0,0.0,0.0,1.0,0.0,0.0,0.0,0.0
554,Valli,97,1.0,1.0,0.0,0.0,0.0,0.0,1.0,1.0,0.0,0.0,2.0,0.0,0.0,0.0,0.0
555,Valli,97,0.0,1.0,0.0,0.0,0.0,0.0,0.0,1.0,0.0,0.0,1.0,0.0,0.0,0.0,0.0
556,Valli,98,0.0,1.0,0.0,0.0,0.0,0.0,0.0,1.0,1.0,0.0,0.0,0.0,0.0,0.0,0.0
557,Valli,98,1.0,2.0,1.0,2.0,0.0,0.0,2.0,4.0,5.0,1.0,0.0,0.0,0.0,0.0,0.0
558,Valli,99,1.0,2.0,3.0,0.0,0.0,0.0,4.0,2.0,5.0,1.0,0.0,0.0,0.0,0.0,0.0
559,Valli,99,1.0,1.0,0.0,0.0,0.0,0.0,1.0,1.0,0.0,0.0,2.0,0.0,0.0,0.0,0.0
560,Valli,99,1.0,1.0,0.0,1.0,0.0,0.0,1.0,2.0,3.0,0.0,0.0,0.0,0.0,0.0,0.0
561,Valli,99,1.0,1.0,0.0,0.0,0.0,0.0,1.0,1.0,2.0,0.0,0.0,0.0,0.0,0.0,0.0
562,Valli,102,1.0,5.0,0.0,0.0,0.0,0.0,1.0,5.0,4.0,2.0,0.0,0.0,0.0,0.0,0.0
563,Valli,102,0.0,1.0,0.0,0.0,0.0,0.0,0.0,1.0,1.0,0.0,0.0,0.0,0.0,0.0,0.0
564,Valli,102,1.0,3.0,1.0,3.0,0.0,0.0,2.0,6.0,0.0,8.0,0.0,5.0,0.0,0.0,0.0
565,Valli,102,3.0,3.0,0.0,0.0,0.0,0.0,3.0,3.0,3.0,3.0,0.0,0.0,0.0,0.0,0.0
566,Valli,102,1.0,1.0,0.0,0.0,0.0,0.0,1.0,1.0,2.0,0.0,0.0,0.0,0.0,0.0,0.0
567,Valli,102,0.0,1.0,0.0,1.0,0.0,0.0,0.0,2.0,0.0,0.0,2.0,0.0,0.0,0.0,0.0
568,Valli,102,2.0,2.0,1.0,0.0,0.0,0.0,3.0,2.0,3.0,2.0,0.0,0.0,0.0,0.0,1.0
569,Valli,102,1.0,1.0,0.0,1.0,0.0,0.0,1.0,2.0,0.0,3.0,0.0,3.0,0.0,0.0,0.0
570,Valli,102,1.0,0.0,0.0,0.0,0.0,0.0,1.0,0.0,1.0,0.0,0.0,0.0,0.0,0.0,0.0
571,Valli,102,1.0,1.0,0.0,0.0,0.0,0.0,1.0,1.0,0.0,0.0,2.0,0.0,0.0,0.0,0.0
572,Valli,102,0.0,1.0,0.0,1.0,0.0,0.0,0.0,2.0,0.0,0.0,2.0,0.0,0.0,0.0,0.0
573,Valli,102,1.0,0.0,0.0,0.0,0.0,0.0,1.0,0.0,0.0,1.0,0.0,0.0,0.0,0.0,0.0
574,Valli,102,0.0,0.0,0.0,1.0,0.0,0.0,0.0,1.0,0.0,0.0,1.0,0.0,0.0,0.0,0.0
575,Valli,103,0.0,0.0,0.0,0.0,0.0,0.0,0.0,0.0,0.0,0.0,0.0,0.0,0.0,0.0,0.0
576,Valli,104,3.0,2.0,4.0,2.0,0.0,0.0,7.0,4.0,8.0,3.0,0.0,0.0,0.0,0.0,0.0
577,Valli,104,1.0,1.0,0.0,1.0,0.0,0.0,1.0,2.0,2.0,1.0,0.0,0.0,0.0,0.0,0.0
578,Valli,104,1.0,1.0,0.0,0.0,0.0,0.0,1.0,1.0,1.0,1.0,0.0,0.0,0.0,0.0,0.0
579,Valli,104,1.0,1.0,2.0,3.0,0.0,0.0,3.0,4.0,6.0,1.0,0.0,0.0,0.0,0.0,0.0
580,Valli,104,1.0,1.0,1.0,1.0,0.0,0.0,2.0,2.0,0.0,4.0,0.0,0.0,0.0,0.0,0.0
581,Valli,104,0.0,1.0,0.0,0.0,0.0,0.0,0.0,1.0,0.0,0.0,1.0,1.0,0.0,0.0,0.0
582,Valli,104,1.0,1.0,1.0,4.0,0.0,0.0,2.0,5.0,0.0,0.0,7.0,0.0,0.0,0.0,0.0
583,Valli,104,1.0,0.0,0.0,0.0,0.0,0.0,1.0,0.0,0.0,0.0,1.0,0.0,0.0,0.0,0.0
584,Valli,104,0.0,1.0,0.0,0.0,0.0,0.0,0.0,1.0,0.0,0.0,1.0,0.0,0.0,0.0,0.0
585,Valli,106,1.0,3.0,1.0,2.0,0.0,0.0,2.0,5.0,6.0,1.0,0.0,0.0,0.0,0.0,0.0
586,Valli,106,1.0,1.0,0.0,1.0,0.0,0.0,1.0,2.0,0.0,3.0,0.0,0.0,0.0,0.0,0.0
587,Valli,106,1.0,0.0,0.0,0.0,0.0,0.0,1.0,0.0,1.0,0.0,0.0,0.0,0.0,0.0,0.0
588,Valli,106,0.0,6.0,0.0,0.0,0.0,0.0,0.0,6.0,5.0,1.0,0.0,0.0,0.0,0.0,0.0
589,Valli,106,1.0,2.0,1.0,2.0,0.0,0.0,2.0,4.0,4.0,2.0,0.0,0.0,0.0,0.0,0.0
590,Valli,106,0.0,1.0,1.0,0.0,0.0,0.0,1.0,1.0,0.0,0.0,2.0,0.0,0.0,0.0,0.0
591,Valli,108,1.0,3.0,0.0,1.0,0.0,0.0,1.0,4.0,3.0,2.0,0.0,0.0,0.0,0.0,0.0
592,Valli,108,1.0,3.0,0.0,0.0,0.0,0.0,1.0,3.0,2.0,2.0,0.0,0.0,0.0,0.0,0.0
593,Valli,108,1.0,3.0,0.0,0.0,0.0,0.0,1.0,3.0,2.0,2.0,0.0,0.0,0.0,0.0,0.0
594,Valli,108,1.0,0.0,0.0,0.0,0.0,0.0,1.0,0.0,0.0,1.0,0.0,0.0,0.0,0.0,0.0
595,Valli,108,1.0,2.0,2.0,0.0,0.0,0.0,3.0,2.0,0.0,5.0,0.0,4.0,0.0,0.0,0.0
596,Valli,108,0.0,1.0,0.0,0.0,0.0,0.0,0.0,1.0,1.0,0.0,0.0,1.0,0.0,0.0,0.0
597,Valli,108,1.0,1.0,0.0,1.0,0.0,0.0,1.0,2.0,2.0,1.0,0.0,0.0,0.0,0.0,0.0
598,Valli,108,1.0,2.0,0.0,0.0,0.0,0.0,1.0,2.0,2.0,1.0,0.0,0.0,0.0,0.0,0.0
599,Valli,108,1.0,1.0,1.0,0.0,0.0,0.0,2.0,1.0,3.0,0.0,0.0,0.0,0.0,0.0,0.0
600,Valli,108,1.0,1.0,0.0,2.0,0.0,0.0,1.0,3.0,3.0,1.0,0.0,0.0,0.0,0.0,0.0
601,Valli,108,1.0,2.0,0.0,0.0,0.0,0.0,1.0,2.0,3.0,0.0,0.0,0.0,0.0,0.0,0.0
602,Valli,108,2.0,1.0,0.0,0.0,0.0,0.0,2.0,1.0,3.0,0.0,0.0,0.0,0.0,0.0,0.0
603,Valli,108,1.0,0.0,0.0,0.0,0.0,0.0,1.0,0.0,0.0,0.0,1.0,0.0,0.0,0.0,0.0
604,Valli,108,1.0,0.0,0.0,0.0,0.0,0.0,1.0,0.0,0.0,1.0,0.0,0.0,0.0,0.0,0.0
605,Valli,108,1.0,0.0,0.0,0.0,0.0,0.0,1.0,0.0,1.0,0.0,0.0,0.0,0.0,0.0,0.0
606,Valli,108,3.0,1.0,2.0,4.0,0.0,0.0,5.0,5.0,8.0,2.0,0.0,0.0,0.0,0.0,0.0
607,Valli,108,1.0,1.0,0.0,0.0,0.0,0.0,1.0,1.0,2.0,0.0,0.0,0.0,0.0,0.0,0.0
608,Valli,109,2.0,4.0,2.0,3.0,0.0,0.0,4.0,7.0,7.0,4.0,0.0,0.0,0.0,0.0,0.0
609,Valli,109,1.0,0.0,0.0,0.0,0.0,0.0,1.0,0.0,1.0,0.0,0.0,0.0,0.0,0.0,0.0
610,Valli,110,0.0,1.0,0.0,0.0,0.0,0.0,0.0,1.0,0.0,1.0,0.0,0.0,0.0,0.0,0.0
611,Valli,111,4.0,5.0,2.0,1.0,0.0,0.0,6.0,6.0,2.0,10.0,0.0,1.0,0.0,0.0,0.0
612,Valli,111,1.0,0.0,0.0,0.0,0.0,0.0,1.0,0.0,0.0,1.0,0.0,0.0,0.0,0.0,0.0
613,Valli,111,7.0,12.0,4.0,1.0,0.0,0.0,11.0,13.0,4.0,20.0,0.0,0.0,0.0,0.0,1.0
614,Valli,111,1.0,0.0,0.0,0.0,0.0,0.0,1.0,0.0,1.0,0.0,0.0,0.0,0.0,0.0,0.0
615,Valli,112,0.0,0.0,0.0,0.0,0.0,0.0,0.0,0.0,0.0,0.0,0.0,0.0,0.0,0.0,0.0
616,Valli,113,3.0,6.0,2.0,3.0,0.0,0.0,5.0,9.0,6.0,8.0,0.0,6.0,0.0,0.0,0.0
617,Valli,114,2.0,5.0,0.0,0.0,0.0,0.0,2.0,5.0,4.0,3.0,0.0,0.0,0.0,0.0,0.0
618,Valli,114,1.0,3.0,3.0,2.0,0.0,0.0,4.0,5.0,6.0,3.0,0.0,0.0,0.0,0.0,0.0
619,Valli,114,4.0,4.0,0.0,0.0,0.0,0.0,4.0,4.0,7.0,1.0,0.0,0.0,0.0,0.0,1.0
620,Valli,114,1.0,1.0,1.0,1.0,0.0,0.0,2.0,2.0,4.0,0.0,0.0,0.0,0.0,0.0,0.0
621,Valli,114,1.0,0.0,0.0,0.0,0.0,0.0,1.0,0.0,1.0,0.0,0.0,0.0,0.0,0.0,0.0
622,Valli,114,1.0,0.0,0.0,0.0,0.0,0.0,1.0,0.0,0.0,1.0,0.0,0.0,0.0,0.0,0.0
623,Valli,114,1.0,1.0,0.0,0.0,0.0,0.0,1.0,1.0,2.0,0.0,0.0,0.0,0.0,0.0,0.0
624,Valli,114,0.0,1.0,0.0,0.0,0.0,0.0,0.0,1.0,0.0,0.0,1.0,0.0,0.0,0.0,0.0
625,Valli,114,0.0,1.0,0.0,0.0,0.0,0.0,0.0,1.0,0.0,0.0,1.0,0.0,0.0,0.0,0.0
626,Valli,114,1.0,2.0,0.0,1.0,0.0,0.0,1.0,3.0,4.0,0.0,0.0,0.0,0.0,0.0,0.0
627,Valli,114,0.0,2.0,0.0,0.0,0.0,0.0,0.0,2.0,0.0,2.0,0.0,0.0,0.0,0.0,0.0
628,Valli,114,0.0,1.0,0.0,0.0,0.0,0.0,0.0,1.0,0.0,1.0,0.0,0.0,0.0,0.0,0.0
629,Valli,116,1.0,3.0,1.0,1.0,0.0,0.0,2.0,4.0,3.0,3.0,0.0,0.0,0.0,0.0,0.0
630,Valli,116,1.0,1.0,0.0,1.0,0.0,0.0,1.0,2.0,2.0,1.0,0.0,0.0,0.0,0.0,0.0
631,Valli,116,1.0,1.0,0.0,0.0,0.0,0.0,1.0,1.0,2.0,0.0,0.0,0.0,0.0,0.0,0.0
632,Valli,116,1.0,1.0,0.0,0.0,0.0,0.0,1.0,1.0,2.0,0.0,0.0,0.0,0.0,0.0,0.0
633,Valli,116,1.0,1.0,0.0,0.0,0.0,0.0,1.0,1.0,2.0,0.0,0.0,0.0,0.0,0.0,0.0
634,Valli,116,1.0,0.0,0.0,0.0,0.0,0.0,1.0,0.0,1.0,0.0,0.0,0.0,0.0,0.0,0.0
635,Valli,116,1.0,0.0,0.0,0.0,0.0,0.0,1.0,0.0,1.0,0.0,0.0,0.0,0.0,0.0,0.0
636,Valli,116,1.0,0.0,0.0,0.0,0.0,0.0,1.0,0.0,1.0,0.0,0.0,0.0,0.0,0.0,0.0
637,Valli,116,1.0,0.0,0.0,0.0,0.0,0.0,1.0,0.0,1.0,0.0,0.0,0.0,0.0,0.0,0.0
638,Valli,116,1.0,0.0,0.0,0.0,0.0,0.0,1.0,0.0,1.0,0.0,0.0,0.0,0.0,0.0,0.0
639,Valli,116,1.0,0.0,0.0,0.0,0.0,0.0,1.0,0.0,1.0,0.0,0.0,0.0,0.0,0.0,0.0
640,Valli,116,1.0,0.0,0.0,0.0,0.0,0.0,1.0,0.0,1.0,0.0,0.0,0.0,0.0,0.0,0.0
641,Valli,116,1.0,0.0,0.0,0.0,0.0,0.0,1.0,0.0,1.0,0.0,0.0,0.0,0.0,0.0,0.0
642,Valli,116,1.0,0.0,0.0,0.0,0.0,0.0,1.0,0.0,1.0,0.0,0.0,1.0,0.0,0.0,0.0
643,Valli,116,1.0,0.0,0.0,0.0,0.0,0.0,1.0,0.0,1.0,0.0,0.0,1.0,0.0,0.0,0.0
644,Valli,116,1.0,2.0,0.0,0.0,0.0,0.0,1.0,2.0,3.0,0.0,0.0,0.0,0.0,0.0,0.0
645,Valli,116,1.0,0.0,4.0,0.0,0.0,0.0,5.0,0.0,5.0,0.0,0.0,0.0,0.0,0.0,0.0
646,Valli,116,1.0,1.0,0.0,0.0,0.0,0.0,1.0,1.0,2.0,0.0,0.0,0.0,0.0,0.0,0.0
647,Valli,116,0.0,1.0,0.0,0.0,0.0,0.0,0.0,1.0,0.0,0.0,1.0,0.0,0.0,0.0,0.0
648,Valli,116,1.0,0.0,0.0,0.0,0.0,0.0,1.0,0.0,0.0,0.0,1.0,0.0,0.0,0.0,0.0
649,Valli,116,1.0,0.0,0.0,0.0,0.0,0.0,1.0,0.0,0.0,0.0,1.0,0.0,0.0,0.0,0.0
650,Valli,116,1.0,1.0,0.0,0.0,0.0,0.0,1.0,1.0,0.0,0.0,2.0,0.0,0.0,0.0,0.0
651,Valli,116,1.0,0.0,0.0,0.0,0.0,0.0,1.0,0.0,0.0,1.0,0.0,0.0,0.0,0.0,0.0
652,Valli,116,1.0,0.0,0.0,0.0,0.0,0.0,1.0,0.0,0.0,0.0,1.0,1.0,0.0,0.0,0.0
653,Valli,116,1.0,0.0,0.0,0.0,0.0,0.0,1.0,0.0,0.0,0.0,1.0,1.0,0.0,0.0,0.0
654,Valli,116,1.0,0.0,0.0,0.0,0.0,0.0,1.0,0.0,0.0,0.0,1.0,0.0,0.0,0.0,0.0
655,Valli,116,1.0,0.0,0.0,0.0,0.0,0.0,1.0,0.0,0.0,0.0,1.0,0.0,0.0,0.0,0.0
656,Valli,116,0.0,1.0,0.0,0.0,0.0,0.0,0.0,1.0,0.0,0.0,1.0,0.0,0.0,0.0,0.0
657,Valli,116,1.0,0.0,0.0,0.0,0.0,0.0,1.0,0.0,0.0,0.0,1.0,0.0,0.0,0.0,0.0
658,Valli,116,0.0,1.0,0.0,0.0,0.0,0.0,0.0,1.0,0.0,0.0,1.0,0.0,0.0,0.0,0.0
659,Valli,116,1.0,0.0,0.0,0.0,0.0,0.0,1.0,0.0,0.0,0.0,1.0,1.0,0.0,0.0,0.0
660,Valli,116,1.0,0.0,0.0,0.0,0.0,0.0,1.0,0.0,0.0,0.0,1.0,0.0,0.0,0.0,0.0
661,Valli,116,1.0,0.0,0.0,0.0,0.0,0.0,1.0,0.0,0.0,0.0,1.0,0.0,0.0,0.0,0.0
662,Valli,116,0.0,1.0,0.0,0.0,0.0,0.0,0.0,1.0,0.0,1.0,0.0,0.0,0.0,0.0,0.0
663,Valli,116,1.0,0.0,0.0,0.0,0.0,0.0,1.0,0.0,0.0,0.0,1.0,0.0,0.0,0.0,0.0
664,Valli,116,1.0,0.0,0.0,0.0,0.0,0.0,1.0,0.0,0.0,1.0,0.0,0.0,0.0,0.0,0.0
665,Valli,116,1.0,0.0,0.0,0.0,0.0,0.0,1.0,0.0,0.0,0.0,1.0,0.0,0.0,0.0,0.0
666,Valli,116,1.0,0.0,0.0,0.0,0.0,0.0,1.0,0.0,0.0,0.0,1.0,0.0,0.0,0.0,0.0
667,Valli,116,0.0,0.0,1.0,0.0,0.0,0.0,1.0,0.0,0.0,0.0,1.0,0.0,0.0,0.0,0.0
668,Valli,116,1.0,0.0,0.0,0.0,0.0,0.0,1.0,0.0,0.0,0.0,1.0,0.0,0.0,0.0,0.0
669,Valli,116,1.0,0.0,0.0,0.0,0.0,0.0,1.0,0.0,0.0,0.0,1.0,0.0,0.0,0.0,0.0
670,Valli,116,0.0,1.0,0.0,0.0,0.0,0.0,0.0,1.0,0.0,1.0,0.0,0.0,0.0,0.0,0.0
671,Valli,116,0.0,1.0,0.0,0.0,0.0,0.0,0.0,1.0,0.0,1.0,0.0,0.0,0.0,0.0,0.0
672,Valli,116,1.0,0.0,0.0,0.0,0.0,0.0,1.0,0.0,0.0,0.0,1.0,1.0,0.0,0.0,0.0
673,Valli,116,0.0,1.0,0.0,0.0,0.0,0.0,0.0,1.0,0.0,1.0,0.0,0.0,0.0,0.0,0.0
674,Valli,116,1.0,0.0,0.0,0.0,0.0,0.0,1.0,0.0,0.0,1.0,0.0,0.0,0.0,0.0,0.0
675,Valli,116,0.0,1.0,0.0,0.0,0.0,0.0,0.0,1.0,0.0,1.0,0.0,0.0,0.0,0.0,0.0
676,Valli,116,0.0,1.0,0.0,0.0,0.0,0.0,0.0,1.0,0.0,0.0,1.0,0.0,0.0,0.0,0.0
677,Valli,116,1.0,0.0,0.0,0.0,0.0,0.0,1.0,0.0,0.0,0.0,1.0,0.0,0.0,0.0,0.0
678,Valli,117a,5.0,15.0,0.0,0.0,0.0,0.0,5.0,15.0,2.0,18.0,0.0,0.0,1.0,0.0,0.0
679,Valli,117b,1.0,2.0,1.0,2.0,0.0,0.0,2.0,4.0,4.0,2.0,0.0,0.0,0.0,0.0,0.0
680,Valli,118,1.0,6.0,0.0,3.0,0.0,0.0,1.0,9.0,7.0,3.0,0.0,7.0,0.0,0.0,0.0
681,Valli,118,1.0,0.0,0.0,0.0,0.0,0.0,1.0,0.0,0.0,1.0,0.0,0.0,0.0,0.0,0.0
682,Valli,118,0.0,3.0,0.0,0.0,0.0,0.0,0.0,3.0,2.0,1.0,0.0,0.0,0.0,0.0,0.0
683,Valli,118,1.0,1.0,0.0,1.0,0.0,0.0,1.0,2.0,3.0,0.0,0.0,1.0,0.0,0.0,0.0
684,Valli,118,1.0,1.0,0.0,0.0,0.0,0.0,1.0,1.0,2.0,0.0,0.0,0.0,0.0,0.0,0.0
685,Valli,119,0.0,3.0,2.0,1.0,0.0,0.0,2.0,4.0,4.0,2.0,0.0,0.0,0.0,0.0,0.0
686,Valli,119,0.0,1.0,0.0,0.0,0.0,0.0,0.0,1.0,1.0,0.0,0.0,0.0,0.0,0.0,0.0
687,Valli,119,0.0,1.0,0.0,0.0,0.0,0.0,0.0,1.0,0.0,0.0,1.0,0.0,0.0,0.0,0.0
688,Valli,119,0.0,1.0,0.0,0.0,0.0,0.0,0.0,1.0,0.0,0.0,1.0,0.0,0.0,0.0,0.0
689,Valli,119,0.0,1.0,1.0,0.0,0.0,0.0,1.0,1.0,0.0,0.0,2.0,0.0,0.0,0.0,0.0
690,Valli,119,2.0,1.0,1.0,3.0,0.0,0.0,3.0,4.0,6.0,1.0,0.0,0.0,0.0,0.0,0.0
691,Valli,119,1.0,0.0,0.0,0.0,0.0,0.0,1.0,0.0,0.0,0.0,1.0,0.0,0.0,0.0,0.0
692,Valli,120,1.0,4.0,0.0,0.0,0.0,0.0,1.0,4.0,4.0,1.0,0.0,1.0,0.0,0.0,0.0
693,Valli,120,1.0,1.0,0.0,0.0,0.0,0.0,1.0,1.0,1.0,1.0,0.0,0.0,0.0,0.0,0.0
694,Valli,120,0.0,1.0,0.0,2.0,0.0,0.0,0.0,3.0,2.0,1.0,0.0,0.0,0.0,0.0,0.0
695,Valli,120,2.0,1.0,0.0,0.0,0.0,0.0,2.0,1.0,2.0,1.0,0.0,0.0,0.0,0.0,0.0
696,Valli,120,0.0,1.0,0.0,0.0,0.0,0.0,0.0,1.0,0.0,1.0,0.0,0.0,0.0,0.0,0.0
697,Valli,121,0.0,1.0,1.0,0.0,0.0,0.0,1.0,1.0,2.0,0.0,0.0,2.0,0.0,0.0,0.0
698,Valli,121,5.0,6.0,2.0,0.0,0.0,0.0,5.0,6.0,8.0,3.0,0.0,1.0,0.0,0.0,1.0
699,Valli,121,1.0,1.0,0.0,1.0,0.0,0.0,1.0,2.0,0.0,3.0,0.0,0.0,0.0,0.0,0.0
700,Valli,121,0.0,0.0,1.0,0.0,0.0,0.0,1.0,0.0,0.0,0.0,1.0,0.0,0.0,0.0,0.0
701,Valli,122,1.0,4.0,0.0,0.0,0.0,0.0,1.0,4.0,2.0,3.0,0.0,2.0,0.0,0.0,0.0
702,Valli,122,1.0,3.0,0.0,0.0,0.0,0.0,1.0,3.0,0.0,1.0,3.0,0.0,0.0,0.0,0.0
703,Valli,122,1.0,1.0,3.0,3.0,0.0,0.0,4.0,4.0,8.0,0.0,0.0,0.0,0.0,0.0,0.0
704,Valli,122,1.0,1.0,0.0,0.0,0.0,0.0,1.0,1.0,0.0,0.0,2.0,0.0,0.0,0.0,0.0
705,Valli,122,1.0,4.0,0.0,1.0,0.0,0.0,1.0,5.0,0.0,1.0,5.0,0.0,0.0,0.0,1.0
706,Valli,122,1.0,0.0,0.0,0.0,0.0,0.0,1.0,0.0,1.0,0.0,0.0,1.0,0.0,0.0,0.0
707,Valli,122,0.0,1.0,0.0,0.0,0.0,0.0,0.0,1.0,0.0,1.0,0.0,0.0,0.0,0.0,0.0
708,Valli,123,3.0,2.0,0.0,0.0,0.0,0.0,3.0,2.0,0.0,5.0,0.0,0.0,0.0,0.0,0.0
709,Valli,123,2.0,2.0,0.0,0.0,0.0,0.0,2.0,2.0,3.0,1.0,0.0,0.0,0.0,0.0,0.0
710,Valli,123,0.0,1.0,0.0,2.0,0.0,0.0,0.0,3.0,0.0,0.0,3.0,0.0,0.0,0.0,0.0
711,Valli,123,1.0,0.0,0.0,0.0,0.0,0.0,1.0,0.0,0.0,0.0,1.0,0.0,0.0,0.0,0.0
712,Valli,124,1.0,3.0,1.0,0.0,0.0,0.0,2.0,3.0,4.0,1.0,0.0,0.0,0.0,0.0,0.0
713,Valli,124,1.0,0.0,0.0,0.0,0.0,0.0,1.0,0.0,0.0,1.0,0.0,0.0,0.0,0.0,0.0
714,Valli,124,0.0,0.0,1.0,1.0,0.0,0.0,1.0,1.0,0.0,0.0,2.0,0.0,0.0,0.0,0.0
715,Valli,124,1.0,1.0,0.0,0.0,0.0,0.0,1.0,1.0,0.0,0.0,2.0,0.0,0.0,0.0,0.0
716,Valli,125,1.0,6.0,0.0,0.0,0.0,0.0,1.0,6.0,6.0,1.0,0.0,0.0,0.0,0.0,0.0
717,Valli,125,1.0,0.0,0.0,0.0,0.0,0.0,1.0,0.0,0.0,1.0,0.0,0.0,0.0,0.0,0.0
718,Valli,125,1.0,1.0,0.0,0.0,0.0,0.0,1.0,1.0,0.0,2.0,0.0,0.0,0.0,0.0,0.0
719,Valli,125,1.0,2.0,0.0,0.0,0.0,0.0,1.0,2.0,2.0,1.0,0.0,0.0,0.0,0.0,0.0
720,Valli,126,0.0,1.0,0.0,1.0,0.0,0.0,0.0,2.0,1.0,1.0,0.0,0.0,0.0,0.0,0.0
721,Valli,126,1.0,4.0,1.0,5.0,0.0,0.0,2.0,9.0,8.0,3.0,0.0,0.0,0.0,0.0,0.0
722,Valli,126,0.0,4.0,0.0,1.0,0.0,0.0,0.0,5.0,3.0,2.0,0.0,0.0,0.0,0.0,0.0
723,Valli,126,1.0,1.0,0.0,1.0,0.0,0.0,1.0,2.0,3.0,0.0,0.0,0.0,0.0,0.0,0.0
724,Valli,126,2.0,3.0,0.0,0.0,0.0,0.0,2.0,3.0,0.0,5.0,0.0,0.0,0.0,0.0,0.0
725,Valli,126,0.0,1.0,0.0,0.0,0.0,0.0,0.0,1.0,1.0,0.0,0.0,0.0,0.0,0.0,0.0
726,Valli,126,1.0,1.0,0.0,1.0,0.0,0.0,1.0,2.0,3.0,0.0,0.0,0.0,0.0,0.0,0.0
727,Valli,126,1.0,0.0,0.0,0.0,0.0,0.0,1.0,0.0,1.0,0.0,0.0,0.0,0.0,0.0,0.0
728,Valli,126,1.0,0.0,0.0,0.0,0.0,0.0,1.0,0.0,1.0,0.0,0.0,0.0,0.0,0.0,0.0
729,Valli,126,1.0,0.0,0.0,0.0,0.0,0.0,1.0,0.0,0.0,0.0,1.0,0.0,0.0,0.0,0.0
730,Valli,126,0.0,1.0,0.0,0.0,0.0,0.0,0.0,1.0,0.0,0.0,1.0,0.0,0.0,0.0,0.0
731,Valli,126,0.0,1.0,0.0,0.0,0.0,0.0,0.0,1.0,0.0,1.0,0.0,0.0,0.0,0.0,0.0
732,Valli,126,0.0,1.0,0.0,0.0,0.0,0.0,0.0,1.0,0.0,0.0,1.0,0.0,0.0,0.0,0.0
733,Valli,126,1.0,1.0,0.0,2.0,0.0,0.0,1.0,3.0,2.0,0.0,2.0,0.0,0.0,0.0,0.0
734,Valli,127,0.0,1.0,0.0,0.0,0.0,0.0,0.0,1.0,0.0,1.0,0.0,0.0,0.0,0.0,0.0
735,Valli,127,0.0,2.0,0.0,0.0,0.0,0.0,0.0,2.0,0.0,2.0,0.0,0.0,0.0,0.0,0.0
736,Valli,127,1.0,4.0,1.0,1.0,0.0,0.0,2.0,5.0,4.0,3.0,0.0,4.0,0.0,0.0,0.0
737,Valli,127,1.0,1.0,0.0,0.0,0.0,0.0,1.0,1.0,1.0,1.0,0.0,0.0,0.0,0.0,0.0
738,Valli,127,1.0,2.0,1.0,1.0,0.0,0.0,2.0,3.0,4.0,1.0,0.0,0.0,0.0,0.0,0.0
739,Valli,127,1.0,1.0,0.0,1.0,0.0,0.0,1.0,2.0,2.0,1.0,0.0,0.0,0.0,0.0,0.0
740,Valli,127,0.0,1.0,0.0,0.0,0.0,0.0,0.0,1.0,0.0,1.0,0.0,0.0,0.0,0.0,0.0
741,Valli,127,1.0,1.0,0.0,0.0,0.0,0.0,1.0,1.0,2.0,0.0,0.0,0.0,0.0,0.0,0.0
742,Valli,127,1.0,2.0,0.0,0.0,0.0,0.0,1.0,2.0,2.0,1.0,0.0,0.0,0.0,0.0,0.0
743,Valli,127,0.0,1.0,0.0,0.0,0.0,0.0,0.0,1.0,0.0,0.0,1.0,0.0,0.0,0.0,0.0
744,Valli,127,2.0,1.0,0.0,1.0,0.0,0.0,2.0,2.0,3.0,1.0,0.0,0.0,0.0,0.0,0.0
745,Valli,127,1.0,2.0,1.0,1.0,0.0,0.0,2.0,3.0,4.0,1.0,0.0,0.0,0.0,0.0,0.0
746,Valli,127,1.0,0.0,0.0,0.0,0.0,0.0,1.0,0.0,1.0,0.0,0.0,0.0,0.0,0.0,0.0
747,Valli,127,4.0,2.0,0.0,0.0,0.0,0.0,4.0,2.0,6.0,0.0,0.0,0.0,0.0,0.0,0.0
748,Valli,127,0.0,2.0,1.0,1.0,0.0,0.0,1.0,3.0,4.0,0.0,0.0,0.0,0.0,0.0,0.0
749,Valli,128,1.0,0.0,0.0,0.0,0.0,0.0,1.0,0.0,1.0,0.0,0.0,1.0,0.0,0.0,0.0
750,Valli,128,1.0,1.0,2.0,2.0,0.0,0.0,3.0,3.0,6.0,0.0,0.0,0.0,0.0,0.0,0.0
751,Valli,128,2.0,1.0,1.0,2.0,0.0,0.0,3.0,3.0,6.0,0.0,0.0,0.0,0.0,0.0,0.0
752,Valli,128,1.0,1.0,2.0,0.0,0.0,0.0,3.0,1.0,4.0,0.0,0.0,0.0,0.0,0.0,0.0
753,Valli,128,1.0,2.0,0.0,1.0,0.0,0.0,1.0,3.0,3.0,1.0,0.0,0.0,0.0,0.0,0.0
754,Valli,128,1.0,1.0,2.0,3.0,0.0,0.0,3.0,4.0,7.0,0.0,0.0,0.0,0.0,0.0,0.0
755,Valli,128,1.0,2.0,2.0,0.0,0.0,0.0,3.0,2.0,0.0,0.0,5.0,0.0,0.0,0.0,0.0
756,Valli,128,1.0,0.0,0.0,0.0,0.0,0.0,1.0,0.0,0.0,0.0,1.0,0.0,0.0,0.0,0.0
757,Valli,128,1.0,0.0,0.0,0.0,0.0,0.0,1.0,0.0,0.0,0.0,1.0,0.0,0.0,0.0,0.0
758,Valli,128,0.0,4.0,0.0,0.0,0.0,0.0,0.0,4.0,3.0,1.0,0.0,0.0,0.0,0.0,0.0
759,Valli,128,1.0,0.0,1.0,1.0,0.0,0.0,2.0,1.0,0.0,0.0,3.0,0.0,0.0,0.0,0.0
760,Valli,129,1.0,3.0,0.0,0.0,0.0,0.0,1.0,3.0,2.0,2.0,0.0,0.0,0.0,0.0,0.0
761,Valli,129,1.0,4.0,1.0,3.0,0.0,0.0,2.0,7.0,8.0,1.0,0.0,0.0,0.0,0.0,0.0
762,Valli,129,1.0,3.0,1.0,3.0,0.0,0.0,2.0,6.0,6.0,2.0,0.0,0.0,0.0,0.0,0.0
763,Valli,129,1.0,1.0,0.0,0.0,0.0,0.0,1.0,1.0,0.0,0.0,2.0,0.0,0.0,0.0,1.0
764,Valli,129,0.0,1.0,0.0,0.0,0.0,0.0,0.0,1.0,0.0,0.0,1.0,0.0,0.0,0.0,0.0
765,Valli,129,0.0,1.0,0.0,0.0,0.0,0.0,0.0,1.0,0.0,0.0,1.0,0.0,0.0,0.0,0.0
766,Valli,129,3.0,2.0,0.0,0.0,0.0,0.0,3.0,2.0,3.0,2.0,0.0,0.0,0.0,0.0,1.0
767,Valli,130,1.0,1.0,0.0,0.0,0.0,0.0,1.0,1.0,2.0,0.0,0.0,0.0,0.0,0.0,0.0
768,Valli,130,2.0,1.0,0.0,2.0,0.0,0.0,2.0,3.0,4.0,1.0,0.0,0.0,0.0,0.0,0.0
769,Valli,131,0.0,4.0,1.0,0.0,0.0,0.0,1.0,4.0,2.0,3.0,0.0,0.0,0.0,0.0,0.0
770,Valli,131,1.0,2.0,1.0,1.0,0.0,0.0,2.0,3.0,3.0,2.0,0.0,0.0,0.0,0.0,0.0
771,Valli,131,0.0,4.0,1.0,0.0,0.0,0.0,1.0,4.0,5.0,0.0,0.0,0.0,0.0,0.0,0.0
772,Valli,133,1.0,3.0,2.0,0.0,0.0,0.0,3.0,3.0,5.0,1.0,0.0,0.0,0.0,0.0,0.0
773,Valli,133,0.0,1.0,0.0,0.0,0.0,0.0,0.0,1.0,0.0,1.0,0.0,0.0,0.0,0.0,0.0
774,Valli,133,1.0,0.0,0.0,0.0,0.0,0.0,1.0,0.0,0.0,1.0,0.0,0.0,0.0,0.0,0.0
775,Valli,133,1.0,2.0,0.0,3.0,0.0,0.0,1.0,5.0,5.0,1.0,0.0,0.0,0.0,0.0,0.0
776,Valli,133,2.0,1.0,0.0,1.0,0.0,0.0,2.0,2.0,0.0,0.0,4.0,0.0,0.0,0.0,0.0
777,Valli,134,3.0,1.0,5.0,1.0,0.0,0.0,8.0,2.0,7.0,3.0,0.0,0.0,0.0,0.0,0.0
778,Valli,134,1.0,1.0,2.0,2.0,0.0,0.0,3.0,3.0,0.0,6.0,0.0,0.0,0.0,0.0,0.0
779,Valli,134,0.0,0.0,0.0,1.0,0.0,0.0,0.0,1.0,0.0,1.0,0.0,0.0,0.0,0.0,0.0
780,Valli,134,1.0,3.0,2.0,0.0,0.0,0.0,3.0,3.0,0.0,6.0,0.0,0.0,0.0,0.0,0.0
781,Valli,134,1.0,0.0,0.0,0.0,0.0,0.0,1.0,0.0,0.0,0.0,1.0,0.0,0.0,0.0,0.0
782,Valli,134,1.0,0.0,0.0,0.0,0.0,0.0,1.0,0.0,0.0,0.0,1.0,0.0,0.0,0.0,0.0
783,Valli,136,0.0,0.0,2.0,3.0,0.0,0.0,2.0,3.0,1.0,4.0,0.0,0.0,0.0,0.0,0.0
784,Valli,136,0.0,1.0,0.0,0.0,0.0,0.0,0.0,1.0,0.0,1.0,0.0,0.0,0.0,0.0,0.0
785,Valli,136,0.0,1.0,0.0,0.0,0.0,0.0,0.0,1.0,0.0,0.0,1.0,0.0,0.0,0.0,0.0
786,Valli,136,0.0,1.0,0.0,0.0,0.0,0.0,0.0,1.0,0.0,0.0,1.0,0.0,0.0,0.0,0.0
787,Valli,136,1.0,0.0,0.0,0.0,0.0,0.0,1.0,0.0,0.0,0.0,1.0,0.0,0.0,0.0,0.0
788,Valli,136,2.0,2.0,0.0,1.0,0.0,0.0,2.0,3.0,2.0,2.0,1.0,0.0,0.0,0.0,0.0
789,Valli,136,1.0,0.0,0.0,0.0,0.0,0.0,1.0,0.0,0.0,1.0,0.0,0.0,0.0,0.0,0.0
790,Valli,136,1.0,0.0,0.0,0.0,0.0,0.0,1.0,0.0,0.0,1.0,0.0,0.0,0.0,0.0,0.0
791,Valli,136,1.0,0.0,0.0,0.0,0.0,0.0,1.0,0.0,0.0,1.0,0.0,0.0,0.0,0.0,0.0
792,Valli,136,1.0,0.0,0.0,0.0,0.0,0.0,1.0,0.0,0.0,1.0,0.0,0.0,0.0,0.0,1.0
793,Valli,136,1.0,0.0,0.0,0.0,0.0,0.0,1.0,0.0,0.0,1.0,0.0,0.0,0.0,0.0,0.0
794,Valli,136,1.0,1.0,1.0,1.0,0.0,0.0,2.0,2.0,3.0,1.0,0.0,0.0,0.0,0.0,0.0
795,Valli,136,0.0,1.0,0.0,0.0,0.0,0.0,0.0,1.0,0.0,0.0,1.0,0.0,0.0,0.0,0.0
796,Valli,136,1.0,2.0,0.0,1.0,0.0,0.0,1.0,4.0,4.0,1.0,0.0,0.0,0.0,0.0,0.0
797,Valli,136,0.0,1.0,0.0,0.0,0.0,0.0,0.0,1.0,0.0,0.0,1.0,0.0,0.0,0.0,0.0
798,Valli,136,4.0,2.0,1.0,1.0,0.0,0.0,5.0,3.0,4.0,4.0,0.0,0.0,0.0,0.0,1.0
799,Valli,136,1.0,0.0,0.0,0.0,0.0,0.0,1.0,0.0,0.0,0.0,1.0,0.0,0.0,0.0,0.0
800,Valli,136,1.0,0.0,0.0,0.0,0.0,0.0,1.0,0.0,0.0,0.0,1.0,0.0,0.0,0.0,0.0
801,Valli,136,0.0,1.0,0.0,0.0,0.0,0.0,0.0,1.0,0.0,0.0,1.0,0.0,0.0,0.0,0.0
802,Valli,136,1.0,1.0,0.0,1.0,0.0,0.0,1.0,2.0,0.0,0.0,3.0,0.0,0.0,0.0,0.0
803,Valli,136,1.0,1.0,2.0,0.0,0.0,0.0,3.0,1.0,0.0,0.0,4.0,0.0,0.0,0.0,0.0
804,Valli,136,1.0,0.0,0.0,0.0,0.0,0.0,1.0,0.0,1.0,0.0,0.0,0.0,0.0,0.0,0.0
805,Valli,138,1.0,0.0,0.0,0.0,0.0,0.0,1.0,0.0,0.0,0.0,1.0,0.0,0.0,0.0,0.0
806,Valli,138,0.0,1.0,0.0,0.0,0.0,0.0,0.0,1.0,0.0,0.0,1.0,0.0,0.0,0.0,0.0
807,Valli,138,1.0,1.0,0.0,0.0,0.0,0.0,1.0,1.0,0.0,0.0,2.0,0.0,0.0,0.0,0.0
808,Valli,138,1.0,1.0,1.0,0.0,0.0,0.0,2.0,1.0,3.0,0.0,0.0,0.0,0.0,0.0,0.0
809,Valli,138,0.0,2.0,0.0,0.0,0.0,0.0,0.0,2.0,0.0,1.0,1.0,0.0,0.0,0.0,0.0
810,Valli,138,1.0,1.0,0.0,0.0,0.0,0.0,1.0,1.0,2.0,0.0,0.0,0.0,0.0,0.0,0.0
811,Valli,138,0.0,0.0,0.0,2.0,0.0,0.0,0.0,2.0,0.0,0.0,2.0,0.0,0.0,0.0,0.0
812,Valli_uusi,140,1.0,1.0,0.0,0.0,0.0,0.0,1.0,1.0,2.0,0.0,0.0,1.0,0.0,0.0,0.0
813,Valli_uusi,140,3.0,1.0,3.0,5.0,0.0,0.0,6.0,6.0,9.0,3.0,0.0,0.0,0.0,0.0,0.0
814,Valli_uusi,140,0.0,1.0,0.0,0.0,0.0,0.0,0.0,1.0,0.0,1.0,0.0,0.0,0.0,0.0,0.0
815,Valli_uusi,145,0.0,1.0,0.0,0.0,0.0,0.0,0.0,1.0,0.0,1.0,0.0,0.0,0.0,0.0,0.0
816,Valli_uusi,149,1.0,3.0,3.0,4.0,0.0,0.0,4.0,7.0,8.0,3.0,0.0,0.0,0.0,0.0,0.0
817,Valli_uusi,149,1.0,4.0,0.0,1.0,0.0,0.0,1.0,5.0,6.0,0.0,0.0,0.0,0.0,0.0,0.0
818,Valli_uusi,149,0.0,0.0,0.0,1.0,0.0,0.0,0.0,1.0,0.0,0.0,1.0,0.0,0.0,0.0,0.0
819,Valli_uusi,150,1.0,4.0,0.0,2.0,0.0,0.0,1.0,6.0,4.0,3.0,0.0,0.0,0.0,0.0,0.0
820,Valli_uusi,150,1.0,0.0,0.0,0.0,0.0,0.0,1.0,0.0,0.0,1.0,0.0,0.0,0.0,0.0,0.0
821,Valli_uusi,150,8.0,2.0,1.0,2.0,0.0,0.0,9.0,4.0,4.0,9.0,0.0,0.0,0.0,0.0,0.0
822,Valli_uusi,150,2.0,5.0,1.0,2.0,0.0,0.0,3.0,5.0,7.0,1.0,0.0,7.0,0.0,0.0,0.0
823,Valli_uusi,150,1.0,3.0,0.0,1.0,0.0,0.0,1.0,4.0,3.0,2.0,0.0,0.0,0.0,0.0,0.0
824,Valli_uusi,150,1.0,2.0,0.0,0.0,0.0,0.0,1.0,2.0,3.0,0.0,0.0,0.0,0.0,0.0,0.0
825,Valli_uusi,150,1.0,0.0,0.0,0.0,0.0,0.0,1.0,0.0,0.0,1.0,0.0,0.0,0.0,0.0,0.0
826,Valli_uusi,150,1.0,5.0,2.0,0.0,0.0,0.0,3.0,4.0,6.0,2.0,0.0,6.0,0.0,0.0,0.0
827,Valli_uusi,150,1.0,0.0,0.0,0.0,0.0,0.0,1.0,0.0,0.0,1.0,0.0,1.0,0.0,0.0,0.0
828,Valli_uusi,150,0.0,2.0,0.0,0.0,0.0,0.0,0.0,2.0,1.0,1.0,0.0,0.0,0.0,0.0,0.0
829,Valli_uusi,150,3.0,3.0,1.0,0.0,0.0,0.0,4.0,3.0,6.0,1.0,0.0,0.0,0.0,0.0,0.0
830,Valli_uusi,150,1.0,2.0,0.0,0.0,0.0,0.0,1.0,2.0,2.0,1.0,0.0,0.0,0.0,0.0,0.0
831,Valli_uusi,150,1.0,2.0,0.0,0.0,0.0,0.0,1.0,2.0,2.0,1.0,0.0,0.0,0.0,0.0,0.0
832,Valli_uusi,150,1.0,2.0,0.0,0.0,0.0,0.0,1.0,2.0,2.0,1.0,0.0,1.0,0.0,0.0,0.0
833,Valli_uusi,150,2.0,1.0,0.0,0.0,0.0,0.0,2.0,1.0,3.0,0.0,0.0,0.0,0.0,0.0,0.0
834,Valli_uusi,150,0.0,1.0,0.0,0.0,0.0,0.0,0.0,1.0,1.0,0.0,0.0,0.0,0.0,0.0,0.0
835,Valli_uusi,150,1.0,0.0,0.0,0.0,0.0,0.0,1.0,0.0,0.0,1.0,0.0,0.0,0.0,0.0,0.0
836,Valli_uusi,150,1.0,0.0,0.0,0.0,0.0,0.0,1.0,0.0,0.0,1.0,0.0,0.0,0.0,0.0,0.0
837,Valli_uusi,150,1.0,2.0,0.0,0.0,0.0,0.0,1.0,2.0,2.0,1.0,0.0,0.0,0.0,0.0,0.0
838,Valli_uusi,150,1.0,1.0,0.0,0.0,0.0,0.0,1.0,1.0,1.0,1.0,0.0,0.0,0.0,0.0,0.0
839,Valli_uusi,150,1.0,0.0,0.0,0.0,0.0,0.0,1.0,0.0,0.0,1.0,0.0,0.0,0.0,0.0,1.0
840,Valli_uusi,150,1.0,0.0,0.0,0.0,0.0,0.0,1.0,0.0,0.0,1.0,0.0,0.0,0.0,0.0,0.0
841,Valli_uusi,150,1.0,0.0,0.0,0.0,0.0,0.0,1.0,0.0,0.0,1.0,0.0,0.0,0.0,0.0,0.0
842,Valli_uusi,150,1.0,0.0,0.0,0.0,0.0,0.0,1.0,0.0,0.0,0.0,1.0,0.0,0.0,0.0,0.0
843,Valli_uusi,150,0.0,1.0,0.0,0.0,0.0,0.0,0.0,1.0,0.0,1.0,0.0,0.0,0.0,0.0,0.0
844,Valli_uusi,150,1.0,0.0,0.0,0.0,0.0,0.0,1.0,0.0,0.0,1.0,0.0,0.0,0.0,0.0,0.0
845,Valli_uusi,150,0.0,2.0,0.0,0.0,0.0,0.0,0.0,2.0,1.0,1.0,0.0,0.0,0.0,0.0,0.0
846,Valli_uusi,150,0.0,1.0,0.0,0.0,0.0,0.0,0.0,1.0,0.0,1.0,0.0,0.0,0.0,0.0,0.0
847,Valli_uusi,151,0.0,2.0,0.0,1.0,0.0,0.0,0.0,3.0,2.0,1.0,0.0,0.0,0.0,0.0,0.0
848,Valli_uusi,151,1.0,2.0,2.0,0.0,0.0,0.0,3.0,2.0,5.0,0.0,0.0,0.0,0.0,0.0,0.0
849,Valli_uusi,151,1.0,0.0,0.0,0.0,0.0,0.0,1.0,0.0,0.0,0.0,1.0,0.0,0.0,0.0,0.0
850,Valli_uusi,153,1.0,1.0,2.0,2.0,0.0,0.0,3.0,3.0,0.0,6.0,0.0,0.0,0.0,0.0,0.0
851,Valli_uusi,153,1.0,1.0,0.0,0.0,0.0,0.0,1.0,1.0,2.0,0.0,0.0,0.0,0.0,0.0,0.0
852,Valli_uusi,153,0.0,1.0,0.0,0.0,0.0,0.0,0.0,1.0,0.0,1.0,0.0,0.0,0.0,0.0,0.0
853,Valli_uusi,153,0.0,1.0,0.0,0.0,0.0,0.0,0.0,1.0,0.0,1.0,0.0,0.0,0.0,0.0,0.0
854,Valli_uusi,153,0.0,1.0,0.0,0.0,0.0,0.0,0.0,1.0,0.0,1.0,0.0,0.0,0.0,0.0,0.0
855,Valli_uusi,153,0.0,1.0,0.0,0.0,0.0,0.0,0.0,1.0,0.0,1.0,0.0,0.0,0.0,0.0,0.0
856,Valli_uusi,153,0.0,1.0,0.0,0.0,0.0,0.0,0.0,1.0,0.0,1.0,0.0,1.0,0.0,0.0,0.0
857,Valli_uusi,162,2.0,6.0,0.0,0.0,0.0,0.0,2.0,6.0,6.0,2.0,0.0,0.0,0.0,0.0,0.0
858,Valli_uusi,163,7.0,2.0,2.0,1.0,0.0,0.0,9.0,3.0,4.0,8.0,0.0,0.0,0.0,0.0,0.0
859,Valli_uusi,163,1.0,2.0,0.0,2.0,0.0,0.0,1.0,4.0,4.0,1.0,0.0,0.0,0.0,0.0,0.0
860,Valli_uusi,163,1.0,2.0,0.0,2.0,0.0,0.0,1.0,4.0,4.0,1.0,0.0,0.0,0.0,0.0,0.0
861,Valli_uusi,165,1.0,0.0,0.0,0.0,0.0,0.0,1.0,0.0,1.0,0.0,0.0,0.0,0.0,0.0,0.0
862,Valli_uusi,165,0.0,1.0,0.0,1.0,0.0,0.0,0.0,2.0,0.0,0.0,2.0,0.0,0.0,0.0,0.0
863,Valli_uusi,165,0.0,2.0,0.0,1.0,0.0,0.0,0.0,3.0,2.0,1.0,0.0,0.0,0.0,0.0,0.0
864,Valli_uusi,165,1.0,2.0,0.0,0.0,0.0,0.0,1.0,2.0,0.0,3.0,0.0,0.0,0.0,0.0,0.0
865,Valli_uusi,165,1.0,0.0,0.0,0.0,0.0,0.0,1.0,0.0,0.0,1.0,0.0,0.0,0.0,0.0,0.0
866,Valli_uusi,166,1.0,2.0,0.0,1.0,0.0,0.0,1.0,3.0,0.0,4.0,0.0,0.0,0.0,0.0,0.0
867,Valli_uusi,166,2.0,1.0,1.0,0.0,0.0,0.0,3.0,1.0,0.0,4.0,0.0,0.0,0.0,0.0,0.0
868,Valli_uusi,166,1.0,1.0,1.0,3.0,0.0,0.0,2.0,4.0,6.0,0.0,0.0,0.0,0.0,0.0,0.0
869,Valli_uusi,166,1.0,1.0,0.0,1.0,0.0,0.0,1.0,2.0,3.0,0.0,0.0,0.0,0.0,0.0,0.0
870,Valli_uusi,166,0.0,2.0,0.0,1.0,0.0,0.0,0.0,3.0,0.0,3.0,0.0,0.0,0.0,0.0,0.0
871,Valli_uusi,166,3.0,2.0,0.0,0.0,0.0,0.0,3.0,2.0,0.0,0.0,5.0,0.0,0.0,0.0,0.0
872,Valli_uusi,166,1.0,1.0,3.0,3.0,0.0,0.0,4.0,4.0,0.0,8.0,0.0,0.0,0.0,0.0,0.0
873,Valli_uusi,166,1.0,2.0,2.0,4.0,0.0,0.0,3.0,6.0,0.0,9.0,0.0,0.0,0.0,0.0,0.0
874,Valli_uusi,166,1.0,1.0,1.0,1.0,0.0,0.0,2.0,2.0,0.0,4.0,0.0,0.0,0.0,0.0,0.0
875,Valli_uusi,167,2.0,6.0,1.0,1.0,0.0,0.0,3.0,7.0,6.0,4.0,0.0,5.0,0.0,0.0,0.0
876,Valli_uusi,168,3.0,2.0,1.0,0.0,0.0,0.0,4.0,2.0,5.0,1.0,0.0,0.0,0.0,0.0,0.0
877,Valli_uusi,176,0.0,2.0,1.0,1.0,0.0,0.0,1.0,3.0,3.0,1.0,0.0,0.0,0.0,0.0,0.0
878,Valli_uusi,176,1.0,0.0,0.0,0.0,0.0,0.0,1.0,0.0,0.0,0.0,1.0,0.0,0.0,0.0,0.0
879,Valli_uusi,176,1.0,0.0,0.0,0.0,0.0,0.0,1.0,0.0,0.0,0.0,1.0,0.0,0.0,0.0,0.0
880,Valli_uusi,178,2.0,1.0,0.0,0.0,0.0,0.0,2.0,1.0,3.0,0.0,0.0,0.0,0.0,0.0,0.0
881,Valli_uusi,178,1.0,1.0,0.0,0.0,0.0,0.0,1.0,1.0,2.0,0.0,0.0,0.0,0.0,0.0,0.0
882,Valli_uusi,178,0.0,2.0,0.0,0.0,0.0,0.0,0.0,2.0,0.0,2.0,0.0,0.0,0.0,0.0,0.0
883,Valli_uusi,178,2.0,3.0,0.0,0.0,0.0,0.0,2.0,3.0,4.0,1.0,0.0,0.0,0.0,0.0,0.0
884,Valli_uusi,178,1.0,4.0,0.0,0.0,0.0,0.0,1.0,4.0,4.0,1.0,0.0,0.0,0.0,0.0,0.0
885,Valli_uusi,178,1.0,3.0,4.0,0.0,0.0,0.0,5.0,3.0,6.0,2.0,0.0,0.0,0.0,0.0,0.0
886,Valli_uusi,178,0.0,1.0,0.0,0.0,0.0,0.0,0.0,1.0,1.0,0.0,0.0,0.0,0.0,0.0,0.0
887,Valli_uusi,178,1.0,2.0,0.0,0.0,0.0,0.0,1.0,2.0,2.0,1.0,0.0,0.0,0.0,0.0,0.0
888,Valli_uusi,178,1.0,0.0,0.0,0.0,0.0,0.0,1.0,0.0,0.0,1.0,0.0,0.0,0.0,0.0,0.0
889,Valli_uusi,178,1.0,2.0,0.0,0.0,0.0,0.0,1.0,2.0,2.0,1.0,0.0,0.0,0.0,0.0,0.0
890,Valli_uusi,178,1.0,3.0,2.0,2.0,0.0,0.0,3.0,5.0,6.0,2.0,0.0,0.0,0.0,0.0,0.0
891,Valli_uusi,178,2.0,2.0,0.0,0.0,0.0,0.0,2.0,2.0,3.0,1.0,0.0,0.0,0.0,0.0,0.0
892,Valli_uusi,178,1.0,2.0,0.0,0.0,0.0,0.0,1.0,2.0,2.0,1.0,0.0,0.0,0.0,0.0,0.0
893,Valli_uusi,178,0.0,2.0,0.0,3.0,0.0,0.0,0.0,5.0,4.0,1.0,0.0,0.0,0.0,0.0,0.0
894,Valli_uusi,178,0.0,2.0,0.0,0.0,0.0,0.0,0.0,2.0,0.0,2.0,0.0,0.0,0.0,0.0,0.0
895,Valli_uusi,178,1.0,0.0,0.0,0.0,0.0,0.0,1.0,0.0,1.0,0.0,0.0,0.0,0.0,0.0,0.0
896,Valli_uusi,178,1.0,1.0,0.0,0.0,0.0,0.0,1.0,1.0,1.0,1.0,0.0,0.0,0.0,0.0,0.0
897,Valli_uusi,178,3.0,2.0,1.0,0.0,0.0,0.0,4.0,2.0,4.0,2.0,0.0,0.0,0.0,0.0,0.0
898,Valli_uusi,178,0.0,2.0,1.0,0.0,0.0,0.0,1.0,2.0,2.0,1.0,0.0,0.0,0.0,0.0,0.0
899,Valli_uusi,178,1.0,4.0,0.0,0.0,0.0,0.0,1.0,4.0,4.0,1.0,0.0,0.0,0.0,0.0,0.0
900,Valli_uusi,178,1.0,1.0,0.0,1.0,0.0,0.0,1.0,2.0,3.0,0.0,0.0,0.0,0.0,0.0,0.0
901,Valli_uusi,178,1.0,3.0,0.0,2.0,0.0,0.0,1.0,5.0,4.0,2.0,0.0,0.0,0.0,0.0,0.0
902,Valli_uusi,178,0.0,3.0,0.0,0.0,0.0,0.0,0.0,3.0,2.0,1.0,0.0,0.0,0.0,0.0,0.0
903,Valli_uusi,178,1.0,0.0,0.0,0.0,0.0,0.0,1.0,0.0,1.0,0.0,0.0,0.0,0.0,0.0,0.0
904,Valli_uusi,178,1.0,0.0,0.0,0.0,0.0,0.0,1.0,0.0,1.0,0.0,0.0,0.0,0.0,0.0,0.0
905,Valli_uusi,178,1.0,0.0,0.0,0.0,0.0,0.0,1.0,0.0,1.0,0.0,0.0,0.0,0.0,0.0,0.0
906,Valli_uusi,178,1.0,0.0,0.0,0.0,0.0,0.0,1.0,0.0,1.0,0.0,0.0,0.0,0.0,0.0,0.0
907,Valli_uusi,178,1.0,0.0,0.0,0.0,0.0,0.0,1.0,0.0,0.0,1.0,0.0,0.0,0.0,0.0,0.0
908,Valli_uusi,178,0.0,1.0,0.0,0.0,0.0,0.0,0.0,1.0,0.0,1.0,0.0,0.0,0.0,0.0,0.0
909,Valli_uusi,178,1.0,2.0,2.0,3.0,0.0,0.0,3.0,5.0,7.0,1.0,0.0,0.0,0.0,0.0,0.0
910,Valli_uusi,178,0.0,2.0,0.0,0.0,0.0,0.0,0.0,2.0,1.0,1.0,0.0,0.0,0.0,0.0,0.0
911,Valli_uusi,178,0.0,1.0,0.0,0.0,0.0,0.0,0.0,1.0,0.0,1.0,0.0,0.0,0.0,0.0,0.0
912,Valli_uusi,178,1.0,1.0,0.0,1.0,0.0,0.0,1.0,2.0,3.0,0.0,0.0,0.0,0.0,0.0,0.0
913,Valli_uusi,178,1.0,1.0,0.0,0.0,0.0,0.0,1.0,1.0,0.0,2.0,0.0,0.0,0.0,0.0,0.0
914,Valli_uusi,178,1.0,2.0,1.0,1.0,0.0,0.0,2.0,3.0,5.0,0.0,0.0,0.0,0.0,0.0,0.0
915,Valli_uusi,178,1.0,1.0,0.0,0.0,0.0,0.0,1.0,1.0,0.0,2.0,0.0,0.0,0.0,0.0,0.0
916,Valli_uusi,178,2.0,1.0,4.0,3.0,0.0,0.0,6.0,4.0,6.0,4.0,0.0,0.0,0.0,0.0,0.0
917,Valli_uusi,178,0.0,2.0,0.0,0.0,0.0,0.0,0.0,2.0,1.0,1.0,0.0,0.0,0.0,0.0,0.0
918,Valli_uusi,178,0.0,1.0,0.0,0.0,0.0,0.0,0.0,1.0,0.0,1.0,0.0,0.0,0.0,0.0,0.0
919,Valli_uusi,178,1.0,1.0,0.0,3.0,0.0,0.0,1.0,4.0,0.0,5.0,0.0,0.0,0.0,0.0,0.0
920,Valli_uusi,178,2.0,6.0,1.0,1.0,0.0,0.0,3.0,7.0,4.0,6.0,0.0,0.0,0.0,0.0,0.0
921,Valli_uusi,178,1.0,1.0,0.0,0.0,0.0,0.0,1.0,1.0,0.0,2.0,0.0,0.0,0.0,0.0,0.0
922,Salakkalahti,1,3.0,4.0,0.0,2.0,0.0,0.0,3.0,6.0,6.0,3.0,0.0,0.0,0.0,0.0,0.0
923,Salakkalahti,1,1.0,1.0,0.0,1.0,0.0,0.0,1.0,2.0,3.0,0.0,0.0,0.0,0.0,0.0,0.0
924,Salakkalahti,1,1.0,3.0,0.0,0.0,0.0,0.0,1.0,3.0,2.0,2.0,0.0,0.0,0.0,0.0,0.0
925,Salakkalahti,2,1.0,1.0,0.0,0.0,0.0,0.0,1.0,1.0,2.0,0.0,0.0,0.0,0.0,0.0,0.0
926,Salakkalahti,2,1.0,0.0,0.0,0.0,0.0,0.0,1.0,0.0,1.0,0.0,0.0,0.0,0.0,0.0,0.0
927,Salakkalahti,2,2.0,2.0,0.0,0.0,0.0,0.0,2.0,2.0,4.0,0.0,0.0,0.0,0.0,0.0,0.0
928,Salakkalahti,2,0.0,0.0,0.0,0.0,0.0,0.0,0.0,0.0,0.0,0.0,0.0,0.0,0.0,0.0,0.0
929,Salakkalahti,2,1.0,1.0,0.0,0.0,0.0,0.0,1.0,1.0,2.0,0.0,0.0,0.0,0.0,0.0,0.0
930,Salakkalahti,2,1.0,0.0,0.0,0.0,0.0,0.0,1.0,0.0,1.0,0.0,0.0,0.0,0.0,0.0,0.0
931,Salakkalahti,2,2.0,2.0,0.0,0.0,0.0,0.0,2.0,2.0,4.0,0.0,0.0,0.0,0.0,0.0,1.0
932,Salakkalahti,2,0.0,0.0,0.0,0.0,0.0,0.0,0.0,0.0,0.0,0.0,0.0,0.0,0.0,0.0,0.0
933,Salakkalahti,2,1.0,1.0,0.0,1.0,0.0,0.0,1.0,2.0,3.0,0.0,0.0,0.0,0.0,0.0,0.0
934,Salakkalahti,2,1.0,1.0,0.0,0.0,0.0,0.0,1.0,1.0,1.0,1.0,0.0,0.0,0.0,0.0,0.0
935,Salakkalahti,2,0.0,1.0,0.0,0.0,0.0,0.0,0.0,1.0,1.0,0.0,0.0,0.0,0.0,0.0,0.0
936,Salakkalahti,2,1.0,1.0,0.0,0.0,0.0,0.0,1.0,1.0,2.0,0.0,0.0,0.0,0.0,0.0,0.0
937,Salakkalahti,2,1.0,0.0,0.0,0.0,0.0,1.0,0.0,0.0,1.0,0.0,0.0,0.0,0.0,0.0,0.0
938,Salakkalahti,3,1.0,4.0,1.0,1.0,0.0,0.0,2.0,5.0,2.0,5.0,0.0,0.0,0.0,0.0,0.0
939,Salakkalahti,3,0.0,0.0,0.0,0.0,0.0,0.0,0.0,0.0,0.0,0.0,0.0,0.0,0.0,0.0,0.0
940,Salakkalahti,3,0.0,0.0,0.0,0.0,0.0,0.0,0.0,0.0,0.0,0.0,0.0,0.0,0.0,0.0,0.0
941,Salakkalahti,3,0.0,1.0,0.0,1.0,0.0,0.0,0.0,2.0,2.0,0.0,0.0,0.0,0.0,0.0,0.0
942,Salakkalahti,3,0.0,3.0,0.0,0.0,0.0,0.0,0.0,3.0,3.0,0.0,0.0,0.0,0.0,0.0,0.0
943,Salakkalahti,4,1.0,4.0,1.0,3.0,0.0,0.0,2.0,7.0,6.0,3.0,0.0,0.0,0.0,0.0,0.0
944,Salakkalahti,4,0.0,0.0,0.0,0.0,0.0,0.0,0.0,0.0,0.0,0.0,0.0,0.0,0.0,0.0,0.0
945,Salakkalahti,4,1.0,4.0,1.0,2.0,0.0,0.0,2.0,6.0,5.0,3.0,0.0,0.0,0.0,0.0,0.0
946,Salakkalahti,4,0.0,0.0,0.0,0.0,0.0,0.0,0.0,0.0,0.0,0.0,0.0,0.0,0.0,0.0,0.0
947,Salakkalahti,4,0.0,0.0,0.0,0.0,0.0,0.0,0.0,0.0,0.0,0.0,0.0,0.0,0.0,0.0,0.0
948,Salakkalahti,4,1.0,2.0,1.0,1.0,0.0,0.0,2.0,3.0,4.0,1.0,0.0,0.0,0.0,0.0,0.0
949,Salakkalahti,4,0.0,0.0,0.0,0.0,0.0,0.0,0.0,0.0,0.0,0.0,0.0,0.0,0.0,0.0,0.0
950,Salakkalahti,4,1.0,1.0,1.0,1.0,0.0,0.0,2.0,2.0,4.0,0.0,0.0,0.0,0.0,0.0,0.0
951,Salakkalahti,4,1.0,0.0,0.0,0.0,0.0,0.0,1.0,0.0,1.0,0.0,0.0,0.0,0.0,0.0,0.0
952,Salakkalahti,4,1.0,1.0,1.0,0.0,0.0,0.0,2.0,1.0,3.0,0.0,0.0,0.0,0.0,0.0,0.0
953,Salakkalahti,4,1.0,0.0,0.0,0.0,0.0,0.0,1.0,0.0,1.0,0.0,0.0,0.0,0.0,0.0,0.0
954,Salakkalahti,4,0.0,1.0,0.0,0.0,0.0,0.0,0.0,1.0,0.0,1.0,0.0,0.0,0.0,0.0,0.0
955,Salakkalahti,4,0.0,0.0,0.0,0.0,0.0,0.0,0.0,0.0,0.0,0.0,0.0,0.0,0.0,0.0,0.0
956,Salakkalahti,5,0.0,4.0,1.0,0.0,0.0,0.0,1.0,4.0,3.0,2.0,0.0,0.0,0.0,0.0,0.0
957,Salakkalahti,5,0.0,0.0,0.0,0.0,0.0,0.0,0.0,0.0,0.0,0.0,0.0,0.0,0.0,0.0,0.0
958,Salakkalahti,5,0.0,0.0,0.0,0.0,0.0,0.0,0.0,0.0,0.0,0.0,0.0,0.0,0.0,0.0,0.0
959,Salakkalahti,5,0.0,1.0,0.0,0.0,0.0,0.0,0.0,1.0,0.0,0.0,1.0,0.0,0.0,0.0,0.0
960,Salakkalahti,5,2.0,1.0,0.0,0.0,0.0,0.0,2.0,1.0,3.0,0.0,0.0,0.0,0.0,0.0,1.0
961,Salakkalahti,5,0.0,0.0,0.0,0.0,0.0,0.0,0.0,0.0,0.0,0.0,0.0,0.0,0.0,0.0,0.0
962,Salakkalahti,5,0.0,1.0,0.0,0.0,0.0,0.0,0.0,3.0,3.0,0.0,0.0,0.0,0.0,0.0,0.0
963,Salakkalahti,5,0.0,0.0,0.0,0.0,0.0,0.0,0.0,0.0,0.0,0.0,0.0,0.0,0.0,0.0,0.0
964,Salakkalahti,5,1.0,0.0,0.0,0.0,0.0,0.0,1.0,0.0,1.0,0.0,0.0,0.0,0.0,0.0,0.0
965,Salakkalahti,5,1.0,3.0,0.0,0.0,0.0,0.0,1.0,3.0,3.0,1.0,0.0,0.0,0.0,0.0,0.0
966,Salakkalahti,5,1.0,0.0,0.0,0.0,0.0,0.0,1.0,0.0,0.0,1.0,0.0,0.0,0.0,0.0,0.0
967,Salakkalahti,5,1.0,0.0,0.0,0.0,0.0,0.0,1.0,0.0,0.0,1.0,0.0,0.0,0.0,0.0,0.0
968,Salakkalahti,6,1.0,7.0,0.0,0.0,0.0,0.0,1.0,7.0,2.0,6.0,0.0,0.0,0.0,0.0,0.0
969,Salakkalahti,6,0.0,0.0,0.0,0.0,0.0,0.0,0.0,0.0,0.0,0.0,0.0,0.0,0.0,0.0,0.0
970,Salakkalahti,6,0.0,0.0,0.0,0.0,0.0,0.0,0.0,0.0,0.0,0.0,0.0,0.0,0.0,0.0,0.0
971,Salakkalahti,6,1.0,1.0,1.0,3.0,0.0,0.0,2.0,4.0,0.0,6.0,0.0,0.0,0.0,0.0,0.0
972,Salakkalahti,6,1.0,0.0,0.0,0.0,0.0,0.0,1.0,0.0,1.0,0.0,0.0,0.0,0.0,0.0,0.0
973,Salakkalahti,6,2.0,4.0,0.0,0.0,0.0,0.0,2.0,4.0,4.0,2.0,0.0,0.0,0.0,0.0,0.0
974,Salakkalahti,6,0.0,0.0,0.0,0.0,0.0,0.0,0.0,0.0,0.0,0.0,0.0,0.0,0.0,0.0,0.0
975,Salakkalahti,6,0.0,0.0,0.0,0.0,0.0,0.0,0.0,0.0,0.0,0.0,0.0,0.0,0.0,0.0,0.0
976,Salakkalahti,6,4.0,4.0,0.0,0.0,0.0,0.0,4.0,4.0,6.0,2.0,0.0,1.0,0.0,0.0,0.0
977,Salakkalahti,6,0.0,0.0,0.0,0.0,0.0,0.0,0.0,0.0,0.0,0.0,0.0,0.0,0.0,0.0,0.0
978,Salakkalahti,6,0.0,0.0,0.0,0.0,0.0,0.0,0.0,0.0,0.0,0.0,0.0,0.0,0.0,0.0,0.0
979,Salakkalahti,6,0.0,1.0,0.0,0.0,0.0,0.0,0.0,1.0,1.0,0.0,0.0,0.0,0.0,0.0,0.0
980,Salakkalahti,6,0.0,0.0,0.0,0.0,0.0,0.0,0.0,0.0,0.0,0.0,0.0,0.0,0.0,0.0,0.0
981,Salakkalahti,7,2.0,6.0,5.0,0.0,0.0,0.0,7.0,6.0,9.0,4.0,0.0,0.0,0.0,0.0,1.0
982,Salakkalahti,7,0.0,0.0,0.0,0.0,0.0,0.0,0.0,0.0,0.0,0.0,0.0,0.0,0.0,0.0,0.0
983,Salakkalahti,7,1.0,0.0,0.0,0.0,0.0,0.0,1.0,0.0,0.0,1.0,0.0,0.0,0.0,0.0,0.0
984,Salakkalahti,7,1.0,1.0,0.0,4.0,0.0,0.0,1.0,5.0,6.0,0.0,0.0,0.0,0.0,0.0,0.0
985,Salakkalahti,7,1.0,3.0,0.0,2.0,0.0,0.0,1.0,5.0,4.0,2.0,0.0,0.0,0.0,0.0,0.0
986,Salakkalahti,7,0.0,0.0,0.0,0.0,0.0,0.0,0.0,0.0,0.0,0.0,0.0,0.0,0.0,0.0,0.0
987,Salakkalahti,7,1.0,2.0,1.0,0.0,0.0,0.0,2.0,2.0,3.0,1.0,0.0,0.0,0.0,0.0,0.0
988,Salakkalahti,7,0.0,0.0,0.0,0.0,0.0,0.0,0.0,0.0,0.0,0.0,0.0,0.0,0.0,0.0,0.0
989,Salakkalahti,7,1.0,0.0,0.0,0.0,0.0,0.0,1.0,0.0,1.0,0.0,0.0,0.0,0.0,0.0,0.0
990,Salakkalahti,7,0.0,0.0,0.0,0.0,0.0,0.0,0.0,0.0,0.0,0.0,0.0,0.0,0.0,0.0,0.0
991,Salakkalahti,8,1.0,2.0,1.0,1.0,0.0,0.0,2.0,3.0,3.0,2.0,0.0,0.0,0.0,0.0,0.0
992,Salakkalahti,8,0.0,0.0,0.0,0.0,0.0,0.0,0.0,0.0,0.0,0.0,0.0,0.0,0.0,0.0,0.0
993,Salakkalahti,8,0.0,0.0,0.0,0.0,0.0,0.0,0.0,0.0,0.0,0.0,0.0,0.0,0.0,0.0,0.0
994,Salakkalahti,8,0.0,3.0,0.0,0.0,0.0,0.0,0.0,3.0,1.0,2.0,0.0,0.0,0.0,0.0,0.0
995,Salakkalahti,8,1.0,0.0,0.0,0.0,0.0,0.0,1.0,0.0,1.0,0.0,0.0,0.0,0.0,0.0,0.0
996,Salakkalahti,8,1.0,0.0,0.0,0.0,0.0,0.0,1.0,0.0,1.0,0.0,0.0,0.0,0.0,0.0,0.0
997,Salakkalahti,8,0.0,1.0,0.0,0.0,0.0,0.0,0.0,1.0,0.0,1.0,0.0,0.0,0.0,0.0,0.0
998,Salakkalahti,8,0.0,1.0,0.0,0.0,0.0,0.0,0.0,1.0,0.0,1.0,0.0,0.0,0.0,0.0,0.0
999,Salakkalahti,8,1.0,2.0,0.0,0.0,0.0,0.0,1.0,2.0,2.0,1.0,0.0,0.0,0.0,0.0,0.0
1000,Salakkalahti,8,0.0,0.0,0.0,0.0,0.0,0.0,0.0,0.0,0.0,0.0,0.0,0.0,0.0,0.0,0.0
1001,Salakkalahti,8,1.0,4.0,0.0,0.0,0.0,0.0,1.0,4.0,4.0,1.0,0.0,0.0,0.0,0.0,0.0
1002,Salakkalahti,8,0.0,0.0,0.0,0.0,0.0,0.0,0.0,0.0,0.0,0.0,0.0,0.0,0.0,0.0,0.0
1003,Salakkalahti,8,0.0,0.0,0.0,0.0,0.0,0.0,0.0,0.0,0.0,0.0,0.0,0.0,0.0,0.0,0.0
1004,Salakkalahti,8,1.0,2.0,0.0,0.0,0.0,0.0,1.0,2.0,2.0,1.0,0.0,0.0,0.0,0.0,1.0
1005,Salakkalahti,8,0.0,0.0,0.0,0.0,0.0,0.0,0.0,0.0,0.0,0.0,0.0,0.0,0.0,0.0,0.0
1006,Salakkalahti,8,0.0,0.0,0.0,1.0,0.0,0.0,0.0,1.0,1.0,0.0,0.0,0.0,0.0,0.0,0.0
1007,Salakkalahti,8,1.0,0.0,0.0,0.0,0.0,0.0,1.0,0.0,1.0,0.0,0.0,0.0,0.0,0.0,0.0
1008,Salakkalahti,8,0.0,1.0,0.0,0.0,0.0,0.0,0.0,1.0,1.0,0.0,0.0,0.0,0.0,0.0,0.0
1009,Salakkalahti,8,1.0,1.0,1.0,2.0,0.0,0.0,2.0,3.0,5.0,0.0,0.0,0.0,0.0,0.0,0.0
1010,Salakkalahti,8,0.0,1.0,0.0,0.0,0.0,0.0,0.0,1.0,0.0,0.0,1.0,0.0,0.0,0.0,0.0
1011,Salakkalahti,8,1.0,3.0,0.0,0.0,0.0,0.0,1.0,3.0,3.0,1.0,0.0,0.0,0.0,0.0,0.0
1012,Salakkalahti,8,0.0,0.0,0.0,0.0,0.0,0.0,0.0,0.0,0.0,0.0,0.0,0.0,0.0,0.0,0.0
1013,Salakkalahti,8,3.0,3.0,0.0,1.0,0.0,0.0,3.0,4.0,6.0,1.0,0.0,0.0,0.0,0.0,0.0
1014,Salakkalahti,8,0.0,0.0,0.0,0.0,0.0,0.0,0.0,0.0,0.0,0.0,0.0,0.0,0.0,0.0,0.0
1015,Salakkalahti,8,0.0,0.0,0.0,1.0,0.0,0.0,0.0,1.0,0.0,0.0,1.0,0.0,0.0,0.0,0.0
1016,Salakkalahti,8,1.0,0.0,0.0,0.0,0.0,0.0,1.0,0.0,0.0,1.0,0.0,1.0,0.0,0.0,0.0
1017,Salakkalahti,9,1.0,4.0,3.0,0.0,0.0,0.0,4.0,4.0,8.0,0.0,0.0,0.0,0.0,0.0,0.0
1018,Salakkalahti,9,0.0,0.0,0.0,0.0,0.0,0.0,0.0,0.0,0.0,0.0,0.0,0.0,0.0,0.0,0.0
1019,Salakkalahti,9,0.0,1.0,0.0,0.0,0.0,0.0,0.0,1.0,0.0,0.0,1.0,0.0,0.0,0.0,0.0
1020,Salakkalahti,9,1.0,0.0,0.0,0.0,0.0,0.0,1.0,0.0,0.0,1.0,0.0,0.0,0.0,0.0,0.0
1021,Salakkalahti,9,1.0,0.0,0.0,0.0,0.0,0.0,1.0,0.0,0.0,1.0,0.0,0.0,0.0,0.0,0.0
1022,Salakkalahti,9,1.0,0.0,0.0,0.0,0.0,0.0,1.0,0.0,0.0,1.0,0.0,0.0,0.0,0.0,0.0
1023,Salakkalahti,9,2.0,1.0,0.0,0.0,0.0,0.0,2.0,1.0,3.0,0.0,0.0,0.0,0.0,0.0,0.0
1024,Salakkalahti,9,0.0,0.0,0.0,0.0,0.0,0.0,0.0,0.0,0.0,0.0,0.0,0.0,0.0,0.0,0.0
1025,Salakkalahti,9,0.0,1.0,0.0,0.0,0.0,0.0,0.0,1.0,0.0,0.0,1.0,0.0,0.0,0.0,0.0
1026,Salakkalahti,9,2.0,2.0,1.0,0.0,0.0,0.0,3.0,2.0,3.0,2.0,0.0,0.0,0.0,0.0,0.0
1027,Salakkalahti,9,0.0,0.0,0.0,0.0,0.0,0.0,0.0,0.0,0.0,0.0,0.0,0.0,0.0,0.0,0.0
1028,Salakkalahti,9,0.0,1.0,0.0,0.0,0.0,0.0,0.0,1.0,1.0,0.0,0.0,0.0,0.0,0.0,0.0
1029,Salakkalahti,9,0.0,0.0,0.0,1.0,0.0,0.0,0.0,1.0,1.0,0.0,0.0,0.0,0.0,0.0,0.0
1030,Salakkalahti,9,0.0,1.0,1.0,1.0,0.0,0.0,1.0,2.0,3.0,0.0,0.0,0.0,0.0,0.0,0.0
1031,Salakkalahti,9,1.0,1.0,0.0,0.0,0.0,0.0,1.0,1.0,2.0,0.0,0.0,0.0,0.0,0.0,0.0
1032,Salakkalahti,9,1.0,0.0,0.0,0.0,0.0,0.0,1.0,0.0,0.0,1.0,0.0,0.0,0.0,0.0,0.0
1033,Salakkalahti,9,1.0,0.0,0.0,0.0,0.0,0.0,1.0,0.0,0.0,1.0,0.0,0.0,0.0,0.0,0.0
1034,Salakkalahti,9,1.0,0.0,0.0,0.0,0.0,0.0,1.0,0.0,1.0,0.0,0.0,0.0,0.0,0.0,0.0
1035,Salakkalahti,9,0.0,0.0,0.0,0.0,0.0,0.0,0.0,0.0,0.0,0.0,0.0,0.0,0.0,0.0,0.0
1036,Salakkalahti,10,1.0,2.0,3.0,3.0,0.0,0.0,4.0,5.0,8.0,1.0,0.0,1.0,0.0,0.0,0.0
1037,Salakkalahti,10,0.0,0.0,0.0,0.0,0.0,0.0,0.0,0.0,0.0,0.0,0.0,0.0,0.0,0.0,0.0
1038,Salakkalahti,10,1.0,1.0,0.0,0.0,0.0,0.0,1.0,1.0,2.0,0.0,0.0,0.0,0.0,0.0,0.0
1039,Salakkalahti,10,1.0,1.0,2.0,0.0,0.0,0.0,3.0,1.0,0.0,4.0,0.0,0.0,0.0,0.0,0.0
1040,Salakkalahti,10,1.0,0.0,0.0,0.0,0.0,0.0,1.0,0.0,0.0,0.0,1.0,0.0,0.0,0.0,0.0
1041,Salakkalahti,10,1.0,1.0,2.0,2.0,0.0,0.0,3.0,3.0,0.0,0.0,6.0,0.0,0.0,0.0,0.0
1042,Salakkalahti,10,0.0,0.0,0.0,0.0,0.0,0.0,0.0,0.0,0.0,0.0,0.0,0.0,0.0,0.0,0.0
1043,Salakkalahti,10,1.0,0.0,0.0,0.0,0.0,0.0,1.0,0.0,1.0,0.0,0.0,0.0,0.0,0.0,0.0
1044,Salakkalahti,11,1.0,2.0,0.0,1.0,0.0,0.0,1.0,3.0,2.0,2.0,0.0,0.0,0.0,0.0,0.0
1045,Salakkalahti,11,0.0,0.0,0.0,0.0,0.0,0.0,0.0,0.0,0.0,0.0,0.0,0.0,0.0,0.0,0.0
1046,Salakkalahti,11,0.0,1.0,0.0,0.0,0.0,0.0,0.0,1.0,0.0,1.0,0.0,0.0,0.0,0.0,0.0
1047,Salakkalahti,11,0.0,1.0,0.0,0.0,0.0,0.0,0.0,1.0,0.0,1.0,0.0,0.0,0.0,0.0,0.0
1048,Salakkalahti,11,1.0,1.0,0.0,1.0,0.0,0.0,1.0,2.0,3.0,0.0,0.0,0.0,0.0,0.0,0.0
1049,Salakkalahti,11,0.0,3.0,1.0,0.0,0.0,0.0,1.0,3.0,2.0,2.0,0.0,0.0,0.0,0.0,0.0
1050,Salakkalahti,11,0.0,0.0,0.0,0.0,0.0,0.0,0.0,0.0,0.0,0.0,0.0,0.0,0.0,0.0,0.0
1051,Salakkalahti,11,0.0,0.0,0.0,0.0,0.0,0.0,0.0,0.0,0.0,0.0,0.0,0.0,0.0,0.0,0.0
1052,Salakkalahti,11,0.0,1.0,0.0,0.0,0.0,0.0,0.0,1.0,1.0,0.0,0.0,0.0,0.0,0.0,0.0
1053,Salakkalahti,11,0.0,0.0,0.0,0.0,0.0,0.0,0.0,0.0,0.0,0.0,0.0,0.0,0.0,0.0,0.0
1054,Salakkalahti,12,0.0,2.0,1.0,0.0,0.0,0.0,1.0,2.0,1.0,2.0,0.0,0.0,0.0,0.0,0.0
1055,Salakkalahti,12,0.0,0.0,0.0,0.0,0.0,0.0,0.0,0.0,0.0,0.0,0.0,0.0,0.0,0.0,0.0
1056,Salakkalahti,12,1.0,2.0,0.0,0.0,0.0,0.0,1.0,2.0,0.0,3.0,0.0,0.0,0.0,0.0,0.0
1057,Salakkalahti,12,0.0,0.0,0.0,1.0,0.0,0.0,1.0,1.0,0.0,0.0,1.0,0.0,0.0,0.0,0.0
1058,Salakkalahti,12,1.0,1.0,5.0,1.0,0.0,0.0,6.0,2.0,8.0,0.0,0.0,0.0,0.0,0.0,0.0
1059,Salakkalahti,12,0.0,0.0,0.0,0.0,0.0,0.0,0.0,0.0,0.0,0.0,0.0,0.0,0.0,0.0,0.0
1060,Salakkalahti,12,0.0,1.0,0.0,0.0,0.0,0.0,0.0,1.0,1.0,0.0,0.0,1.0,0.0,0.0,0.0
1061,Salakkalahti,12,1.0,0.0,0.0,0.0,0.0,0.0,1.0,0.0,1.0,0.0,0.0,0.0,0.0,0.0,0.0
1062,Salakkalahti,12,0.0,4.0,0.0,0.0,0.0,0.0,0.0,4.0,3.0,1.0,0.0,1.0,0.0,0.0,0.0
1063,Salakkalahti,12,0.0,0.0,0.0,0.0,0.0,0.0,0.0,0.0,0.0,0.0,0.0,0.0,0.0,0.0,0.0
1064,Salakkalahti,12,1.0,2.0,0.0,0.0,0.0,0.0,1.0,2.0,2.0,1.0,0.0,0.0,0.0,0.0,0.0
1065,Salakkalahti,12,0.0,0.0,0.0,0.0,0.0,0.0,0.0,0.0,0.0,0.0,0.0,0.0,0.0,0.0,0.0
1066,Salakkalahti,12,0.0,0.0,0.0,0.0,0.0,0.0,0.0,0.0,0.0,0.0,0.0,0.0,0.0,0.0,0.0
1067,Salakkalahti,13,0.0,0.0,0.0,0.0,0.0,0.0,0.0,0.0,0.0,0.0,0.0,0.0,0.0,0.0,0.0
1068,Salakkalahti,13,2.0,1.0,2.0,0.0,0.0,0.0,4.0,1.0,5.0,0.0,0.0,0.0,0.0,0.0,0.0
1069,Salakkalahti,13,0.0,0.0,0.0,0.0,0.0,0.0,0.0,0.0,0.0,0.0,0.0,0.0,0.0,0.0,0.0
1070,Salakkalahti,13,0.0,0.0,0.0,0.0,0.0,0.0,0.0,0.0,0.0,0.0,0.0,0.0,0.0,0.0,0.0
1071,Salakkalahti,13,1.0,1.0,0.0,0.0,0.0,0.0,1.0,1.0,1.0,1.0,0.0,0.0,0.0,0.0,0.0
1072,Salakkalahti,13,0.0,0.0,0.0,0.0,0.0,0.0,0.0,0.0,0.0,0.0,0.0,0.0,0.0,0.0,0.0
1073,Salakkalahti,13,0.0,1.0,0.0,0.0,0.0,0.0,0.0,1.0,1.0,0.0,0.0,0.0,0.0,0.0,0.0
1074,Salakkalahti,13,2.0,0.0,0.0,1.0,0.0,0.0,2.0,1.0,3.0,0.0,0.0,0.0,0.0,0.0,0.0
1075,Salakkalahti,13,0.0,0.0,0.0,0.0,0.0,0.0,0.0,0.0,0.0,0.0,0.0,0.0,0.0,0.0,0.0
1076,Salakkalahti,13,1.0,2.0,0.0,0.0,0.0,0.0,1.0,2.0,2.0,1.0,0.0,0.0,0.0,0.0,0.0
1077,Salakkalahti,13,0.0,0.0,0.0,0.0,0.0,0.0,0.0,0.0,0.0,0.0,0.0,0.0,0.0,0.0,0.0
1078,Salakkalahti,13,1.0,1.0,0.0,0.0,0.0,0.0,1.0,1.0,2.0,0.0,0.0,0.0,0.0,0.0,0.0
1079,Salakkalahti,13,0.0,0.0,0.0,0.0,0.0,0.0,0.0,0.0,0.0,0.0,0.0,0.0,0.0,0.0,0.0
1080,Salakkalahti,13,1.0,1.0,2.0,0.0,0.0,0.0,3.0,1.0,4.0,0.0,0.0,0.0,0.0,0.0,0.0
1081,Salakkalahti,13,0.0,1.0,0.0,0.0,0.0,0.0,0.0,1.0,0.0,1.0,0.0,0.0,0.0,0.0,0.0
1082,Salakkalahti,13,0.0,0.0,0.0,0.0,0.0,0.0,0.0,0.0,0.0,0.0,0.0,0.0,0.0,0.0,0.0
1083,Salakkalahti,14,2.0,2.0,0.0,2.0,0.0,0.0,2.0,4.0,5.0,1.0,0.0,0.0,0.0,0.0,0.0
1084,Salakkalahti,14,0.0,0.0,0.0,0.0,0.0,0.0,0.0,0.0,0.0,0.0,0.0,0.0,0.0,0.0,0.0
1085,Salakkalahti,14,2.0,2.0,0.0,0.0,0.0,0.0,2.0,2.0,0.0,4.0,0.0,0.0,0.0,0.0,0.0
1086,Salakkalahti,14,0.0,0.0,0.0,0.0,0.0,0.0,0.0,0.0,0.0,0.0,0.0,0.0,0.0,0.0,0.0
1087,Salakkalahti,14,1.0,1.0,0.0,1.0,0.0,0.0,1.0,2.0,0.0,3.0,0.0,0.0,0.0,0.0,0.0
1088,Salakkalahti,14,2.0,2.0,0.0,2.0,0.0,0.0,2.0,4.0,0.0,6.0,0.0,0.0,0.0,0.0,0.0
1089,Salakkalahti,14,0.0,0.0,0.0,0.0,0.0,0.0,0.0,0.0,0.0,0.0,0.0,0.0,0.0,0.0,0.0
1090,Salakkalahti,14,1.0,3.0,2.0,2.0,0.0,0.0,3.0,5.0,6.0,2.0,0.0,0.0,0.0,0.0,0.0
1091,Salakkalahti,14,0.0,0.0,0.0,0.0,0.0,0.0,0.0,0.0,0.0,0.0,0.0,0.0,0.0,0.0,0.0
1092,Salakkalahti,14,1.0,0.0,0.0,0.0,0.0,0.0,1.0,0.0,0.0,1.0,0.0,0.0,0.0,0.0,0.0
1093,Salakkalahti,14,1.0,1.0,1.0,0.0,0.0,0.0,2.0,1.0,0.0,3.0,0.0,0.0,0.0,0.0,0.0
1094,Salakkalahti,14,1.0,4.0,0.0,1.0,0.0,0.0,1.0,5.0,3.0,3.0,0.0,1.0,0.0,0.0,0.0
1095,Salakkalahti,14,0.0,0.0,0.0,0.0,0.0,0.0,0.0,0.0,0.0,0.0,0.0,0.0,0.0,0.0,0.0
1096,Salakkalahti,14,0.0,0.0,0.0,0.0,0.0,0.0,0.0,0.0,0.0,0.0,0.0,0.0,0.0,0.0,0.0
1097,Salakkalahti,14,1.0,0.0,0.0,0.0,0.0,0.0,1.0,0.0,1.0,0.0,0.0,0.0,0.0,0.0,0.0
1098,Salakkalahti,14,0.0,0.0,0.0,0.0,0.0,0.0,0.0,0.0,0.0,0.0,0.0,0.0,0.0,0.0,0.0
1099,Salakkalahti,14,0.0,0.0,0.0,0.0,0.0,0.0,0.0,0.0,0.0,0.0,0.0,0.0,0.0,0.0,0.0
1100,Salakkalahti,15,1.0,2.0,1.0,0.0,0.0,0.0,2.0,2.0,3.0,1.0,0.0,1.0,0.0,0.0,0.0
1101,Salakkalahti,15,0.0,0.0,0.0,0.0,0.0,0.0,0.0,0.0,0.0,0.0,0.0,0.0,0.0,0.0,0.0
1102,Salakkalahti,15,0.0,2.0,0.0,0.0,0.0,0.0,0.0,2.0,2.0,0.0,0.0,0.0,0.0,0.0,0.0
1103,Salakkalahti,15,0.0,0.0,0.0,0.0,0.0,0.0,0.0,0.0,0.0,0.0,0.0,0.0,0.0,0.0,0.0
1104,Salakkalahti,15,1.0,0.0,0.0,0.0,0.0,0.0,1.0,0.0,1.0,0.0,0.0,0.0,0.0,0.0,0.0
1105,Salakkalahti,15,1.0,0.0,0.0,0.0,0.0,0.0,1.0,0.0,0.0,1.0,0.0,0.0,0.0,0.0,0.0
1106,Salakkalahti,15,0.0,2.0,0.0,2.0,0.0,0.0,0.0,4.0,4.0,0.0,0.0,2.0,0.0,0.0,0.0
1107,Salakkalahti,15,0.0,0.0,0.0,0.0,0.0,0.0,0.0,0.0,0.0,0.0,0.0,0.0,0.0,0.0,0.0
1108,Salakkalahti,15,0.0,1.0,0.0,0.0,0.0,0.0,0.0,1.0,1.0,0.0,0.0,0.0,0.0,0.0,0.0
1109,Salakkalahti,15,3.0,3.0,0.0,0.0,0.0,0.0,3.0,3.0,5.0,1.0,0.0,0.0,0.0,0.0,0.0
1110,Salakkalahti,15,0.0,0.0,0.0,0.0,0.0,0.0,0.0,0.0,0.0,0.0,0.0,0.0,0.0,0.0,0.0
1111,Salakkalahti,15,0.0,0.0,0.0,0.0,0.0,0.0,0.0,0.0,0.0,0.0,0.0,0.0,0.0,0.0,0.0
1112,Salakkalahti,15,0.0,1.0,0.0,0.0,0.0,0.0,0.0,1.0,0.0,1.0,0.0,0.0,0.0,0.0,0.0
1113,Salakkalahti,15,0.0,0.0,0.0,0.0,0.0,0.0,0.0,0.0,0.0,0.0,0.0,0.0,0.0,0.0,0.0
1114,Salakkalahti,16,6.0,10.0,1.0,0.0,0.0,0.0,7.0,10.0,5.0,12.0,0.0,1.0,0.0,0.0,0.0
1115,Salakkalahti,16,0.0,0.0,0.0,0.0,0.0,0.0,0.0,0.0,0.0,0.0,0.0,0.0,0.0,0.0,0.0
1116,Salakkalahti,16,0.0,0.0,0.0,0.0,0.0,0.0,0.0,0.0,0.0,0.0,0.0,0.0,0.0,0.0,0.0
1117,Salakkalahti,16,0.0,0.0,0.0,0.0,0.0,0.0,0.0,0.0,0.0,0.0,0.0,0.0,0.0,0.0,0.0
1118,Salakkalahti,16,0.0,0.0,0.0,0.0,0.0,0.0,0.0,0.0,0.0,0.0,0.0,0.0,0.0,0.0,0.0
1119,Salakkalahti,16,0.0,0.0,0.0,0.0,0.0,0.0,0.0,0.0,0.0,0.0,0.0,0.0,0.0,0.0,0.0
1120,Salakkalahti,16,0.0,0.0,0.0,0.0,0.0,0.0,0.0,0.0,0.0,0.0,0.0,0.0,0.0,0.0,0.0
1121,Salakkalahti,16,3.0,6.0,0.0,0.0,0.0,0.0,3.0,6.0,7.0,2.0,0.0,0.0,0.0,0.0,0.0
1122,Salakkalahti,16,0.0,0.0,0.0,0.0,0.0,0.0,0.0,0.0,0.0,0.0,0.0,0.0,0.0,0.0,0.0
1123,Salakkalahti,16,0.0,0.0,0.0,0.0,0.0,0.0,0.0,0.0,0.0,0.0,0.0,0.0,0.0,0.0,0.0
1124,Salakkalahti,16,0.0,0.0,0.0,0.0,0.0,0.0,0.0,0.0,0.0,0.0,0.0,0.0,0.0,0.0,0.0
1125,Salakkalahti,16,0.0,1.0,0.0,0.0,0.0,0.0,0.0,1.0,0.0,1.0,0.0,0.0,0.0,0.0,0.0
1126,Salakkalahti,16,1.0,3.0,0.0,0.0,0.0,0.0,1.0,3.0,2.0,2.0,0.0,0.0,0.0,0.0,0.0
1127,Salakkalahti,16,0.0,0.0,0.0,0.0,0.0,0.0,0.0,0.0,0.0,0.0,0.0,0.0,0.0,0.0,0.0
1128,Salakkalahti,16,1.0,2.0,1.0,2.0,0.0,0.0,2.0,4.0,5.0,1.0,0.0,0.0,0.0,0.0,0.0
1129,Salakkalahti,16,0.0,0.0,0.0,0.0,0.0,0.0,0.0,0.0,0.0,0.0,0.0,0.0,0.0,0.0,0.0
1130,Salakkalahti,16,0.0,2.0,0.0,0.0,0.0,0.0,0.0,2.0,1.0,1.0,0.0,0.0,0.0,0.0,0.0
1131,Salakkalahti,16,0.0,0.0,0.0,0.0,0.0,0.0,0.0,0.0,0.0,0.0,0.0,0.0,0.0,0.0,0.0
1132,Salakkalahti,16,1.0,5.0,1.0,1.0,0.0,0.0,2.0,6.0,4.0,4.0,0.0,0.0,0.0,0.0,0.0
1133,Salakkalahti,16,0.0,0.0,0.0,0.0,0.0,0.0,0.0,0.0,0.0,0.0,0.0,0.0,0.0,0.0,0.0
1134,Salakkalahti,16,0.0,0.0,0.0,0.0,0.0,0.0,0.0,0.0,0.0,0.0,0.0,0.0,0.0,0.0,0.0
1135,Salakkalahti,16,0.0,0.0,0.0,0.0,0.0,0.0,0.0,0.0,0.0,0.0,0.0,0.0,0.0,0.0,0.0
1136,Salakkalahti,16,1.0,1.0,0.0,0.0,0.0,0.0,1.0,1.0,0.0,0.0,2.0,0.0,0.0,0.0,0.0
1137,Salakkalahti,16,1.0,3.0,2.0,0.0,0.0,0.0,3.0,3.0,4.0,2.0,0.0,0.0,0.0,0.0,0.0
1138,Salakkalahti,16,0.0,0.0,0.0,0.0,0.0,0.0,0.0,0.0,0.0,0.0,0.0,0.0,0.0,0.0,0.0
1139,Salakkalahti,16,1.0,0.0,0.0,0.0,0.0,0.0,1.0,0.0,0.0,1.0,0.0,1.0,0.0,0.0,0.0
1140,Salakkalahti,16,0.0,0.0,0.0,0.0,0.0,0.0,0.0,0.0,0.0,0.0,0.0,0.0,0.0,0.0,0.0
1141,Salakkalahti,17,0.0,0.0,0.0,0.0,0.0,0.0,0.0,0.0,0.0,0.0,0.0,0.0,0.0,0.0,0.0
1142,Salakkalahti,17,2.0,2.0,4.0,1.0,0.0,0.0,6.0,3.0,8.0,1.0,0.0,0.0,0.0,0.0,0.0
1143,Salakkalahti,17,0.0,0.0,0.0,0.0,0.0,0.0,0.0,0.0,0.0,0.0,0.0,0.0,0.0,0.0,0.0
1144,Salakkalahti,17,2.0,2.0,0.0,3.0,0.0,0.0,2.0,5.0,6.0,1.0,0.0,0.0,0.0,0.0,0.0
1145,Salakkalahti,17,0.0,0.0,0.0,0.0,0.0,0.0,0.0,0.0,0.0,0.0,0.0,0.0,0.0,0.0,0.0
1146,Salakkalahti,17,0.0,0.0,0.0,0.0,0.0,0.0,0.0,0.0,0.0,0.0,0.0,0.0,0.0,0.0,0.0
1147,Salakkalahti,17,2.0,6.0,0.0,1.0,0.0,0.0,2.0,7.0,8.0,1.0,0.0,0.0,0.0,0.0,0.0
1148,Salakkalahti,17,0.0,0.0,0.0,0.0,0.0,0.0,0.0,0.0,0.0,0.0,0.0,0.0,0.0,0.0,0.0
1149,Salakkalahti,17,0.0,0.0,0.0,0.0,0.0,0.0,0.0,0.0,0.0,0.0,0.0,0.0,0.0,0.0,0.0
1150,Salakkalahti,17,1.0,3.0,0.0,1.0,0.0,0.0,1.0,4.0,4.0,1.0,0.0,0.0,0.0,0.0,0.0
1151,Salakkalahti,17,0.0,0.0,0.0,0.0,0.0,0.0,0.0,0.0,0.0,0.0,0.0,0.0,0.0,0.0,0.0
1152,Salakkalahti,17,0.0,0.0,0.0,0.0,0.0,0.0,0.0,0.0,0.0,0.0,0.0,0.0,0.0,0.0,0.0
1153,Salakkalahti,18,1.0,2.0,0.0,0.0,0.0,0.0,1.0,2.0,2.0,1.0,0.0,0.0,0.0,0.0,0.0
1154,Salakkalahti,18,0.0,0.0,0.0,0.0,0.0,0.0,0.0,0.0,0.0,0.0,0.0,0.0,0.0,0.0,0.0
1155,Salakkalahti,18,1.0,1.0,4.0,1.0,0.0,0.0,5.0,2.0,0.0,7.0,0.0,0.0,0.0,0.0,0.0
1156,Salakkalahti,18,0.0,0.0,0.0,0.0,0.0,0.0,0.0,0.0,0.0,0.0,0.0,0.0,0.0,0.0,0.0
1157,Salakkalahti,18,1.0,1.0,0.0,1.0,0.0,0.0,1.0,2.0,3.0,0.0,0.0,0.0,0.0,0.0,0.0
1158,Salakkalahti,18,0.0,0.0,0.0,0.0,0.0,0.0,0.0,0.0,0.0,0.0,0.0,0.0,0.0,0.0,0.0
1159,Salakkalahti,18,1.0,4.0,1.0,1.0,0.0,0.0,2.0,5.0,4.0,3.0,0.0,0.0,0.0,0.0,0.0
1160,Salakkalahti,18,0.0,0.0,0.0,0.0,0.0,0.0,0.0,0.0,0.0,0.0,0.0,0.0,0.0,0.0,0.0
1161,Salakkalahti,18,0.0,2.0,0.0,0.0,0.0,0.0,0.0,2.0,0.0,0.0,2.0,0.0,0.0,0.0,0.0
1162,Salakkalahti,18,1.0,0.0,0.0,0.0,0.0,0.0,1.0,0.0,0.0,0.0,1.0,0.0,0.0,0.0,0.0
1163,Salakkalahti,18,1.0,1.0,0.0,0.0,0.0,0.0,1.0,1.0,0.0,0.0,2.0,0.0,0.0,0.0,0.0
1164,Salakkalahti,18,0.0,0.0,0.0,0.0,0.0,0.0,0.0,0.0,0.0,0.0,0.0,0.0,0.0,0.0,0.0
1165,Salakkalahti,18,0.0,0.0,0.0,0.0,0.0,0.0,0.0,0.0,0.0,0.0,0.0,0.0,0.0,0.0,0.0
1166,Salakkalahti,18,0.0,0.0,0.0,0.0,0.0,0.0,0.0,0.0,0.0,0.0,0.0,0.0,0.0,0.0,0.0
1167,Repola,1,3.0,6.0,3.0,2.0,0.0,0.0,6.0,8.0,9.0,5.0,0.0,10.0,0.0,0.0,0.0
1168,Repola,1,0.0,0.0,0.0,0.0,0.0,0.0,0.0,0.0,0.0,0.0,0.0,0.0,0.0,0.0,0.0
1169,Repola,1,0.0,0.0,0.0,0.0,0.0,0.0,0.0,0.0,0.0,0.0,0.0,0.0,0.0,0.0,0.0
1170,Repola,1,0.0,0.0,0.0,0.0,0.0,0.0,0.0,0.0,0.0,0.0,0.0,0.0,0.0,0.0,0.0
1171,Repola,1,1.0,1.0,1.0,0.0,0.0,0.0,2.0,3.0,0.0,0.0,5.0,0.0,0.0,0.0,0.0
1172,Repola,1,1.0,2.0,0.0,0.0,0.0,0.0,1.0,2.0,2.0,1.0,0.0,2.0,0.0,0.0,0.0
1173,Repola,1,0.0,0.0,0.0,0.0,0.0,0.0,0.0,0.0,0.0,0.0,0.0,0.0,0.0,0.0,0.0
1174,Repola,1,1.0,3.0,3.0,2.0,0.0,0.0,4.0,5.0,7.0,2.0,0.0,0.0,0.0,0.0,0.0
1175,Repola,1,0.0,0.0,0.0,0.0,0.0,0.0,0.0,0.0,0.0,0.0,0.0,0.0,0.0,0.0,0.0
1176,Repola,1,1.0,1.0,1.0,1.0,0.0,0.0,2.0,2.0,0.0,4.0,0.0,0.0,0.0,0.0,0.0
1177,Repola,1,1.0,3.0,0.0,0.0,0.0,0.0,1.0,3.0,2.0,2.0,0.0,0.0,0.0,0.0,0.0
1178,Repola,1,0.0,0.0,0.0,0.0,0.0,0.0,0.0,0.0,0.0,0.0,0.0,0.0,0.0,0.0,0.0
1179,Repola,1,2.0,2.0,0.0,1.0,0.0,0.0,2.0,3.0,3.0,2.0,0.0,3.0,0.0,0.0,0.0
1180,Repola,1,0.0,0.0,0.0,0.0,0.0,0.0,0.0,0.0,0.0,0.0,0.0,0.0,0.0,0.0,0.0
1181,Repola,1,1.0,0.0,0.0,0.0,0.0,0.0,1.0,0.0,0.0,1.0,0.0,0.0,0.0,0.0,0.0
