"id","plot.number","taxpayer.men","taxpayer.women","no.tax.men","no.tax.women","in.russia.men","in.russia.women","total.men","total.women","upper","lower","worker.industrial","worker.other","servants","other","not.present","orthodox","other.christian","other.religion","draft"
1,1,2,1,4,0,0,0,6,1,0,7,0,0,0,0,0,0,0,0,0
2,1,0,1,0,0,0,0,0,1,0,1,0,0,0,0,0,0,0,0,0
3,2,0,1,2,2,0,0,2,3,5,0,0,0,0,0,0,0,0,0,0
4,2,1,0,0,0,0,0,1,0,0,1,0,0,0,0,0,0,0,0,0
5,2,0,1,0,0,0,0,0,1,0,1,0,0,0,0,0,0,0,0,0
6,2,1,0,0,0,0,0,1,0,0,0,1,0,0,0,0,0,0,0,0
7,2,0,0,0,1,0,0,0,1,0,0,0,1,0,0,0,0,0,0,0
8,2,0,7,0,2,0,0,0,9,0,0,0,0,9,0,0,0,0,0,0
9,2,0,1,0,0,0,0,0,1,1,0,0,0,0,0,0,0,0,0,0
10,2,1,0,0,0,0,0,1,0,1,0,0,0,0,0,0,0,0,0,0
11,2,1,0,0,0,0,0,1,0,0,1,0,0,0,0,0,0,0,0,0
12,2,1,0,0,0,0,0,1,0,0,1,0,0,0,0,0,0,0,0,0
13,2,0,1,0,0,0,0,0,1,0,1,0,0,0,0,0,0,0,0,0
14,2,0,1,1,1,0,0,1,2,0,3,0,0,0,0,0,0,0,0,0
15,2,0,1,0,0,0,0,0,1,0,0,0,0,1,0,0,0,0,0,0
16,2,0,1,0,0,0,0,0,1,0,0,0,0,1,0,0,0,0,0,0
17,2,1,1,0,0,0,0,1,1,1,1,0,0,0,0,0,0,0,0,0
18,2,0,1,0,1,0,0,0,2,1,0,0,0,1,0,0,0,0,0,0
19,2,2,0,0,1,0,0,2,1,0,0,0,0,3,0,0,0,0,0,0
20,3,2,2,1,2,0,0,3,4,0,7,0,0,0,0,0,0,0,0,0
21,3,0,0,0,1,0,0,0,1,0,1,0,0,0,0,0,0,0,0,0
22,3,0,1,0,0,0,0,0,1,0,0,0,1,0,0,0,0,0,0,0
23,3,1,1,2,2,0,0,3,3,0,0,0,0,6,0,0,0,0,0,0
24,5,0,4,1,1,0,0,1,5,2,0,0,0,4,0,0,0,0,0,0
25,5,1,0,0,0,0,0,1,0,1,0,0,0,0,0,0,0,0,0,0
26,5,1,0,0,0,0,0,1,0,1,0,0,0,0,0,0,0,0,0,0
27,5,1,1,0,0,0,0,1,1,1,0,0,0,1,0,0,0,0,0,0
28,5,1,1,2,2,0,0,3,3,0,6,0,0,0,0,0,0,0,0,0
29,5,0,1,0,0,0,0,0,1,0,0,0,0,1,0,0,0,0,0,0
30,5,1,1,0,3,0,0,1,4,0,0,0,0,5,0,0,0,0,0,0
31,5,1,0,0,0,0,0,1,0,0,0,0,0,1,0,0,0,0,0,0
32,6,0,0,1,2,0,0,1,2,0,3,0,0,0,0,0,0,0,0,0
33,6,0,1,0,1,0,0,0,2,1,0,0,0,0,1,0,0,0,0,0
34,6,0,1,0,0,0,0,0,1,0,1,0,0,0,0,0,0,0,0,0
35,6,0,0,1,0,0,0,1,0,0,1,0,0,0,0,0,0,0,0,0
36,6,1,0,0,0,0,0,1,0,1,0,0,0,0,0,0,0,0,0,0
37,6,1,1,0,0,0,0,1,1,0,0,0,2,0,0,0,0,0,0,0
38,6,0,2,0,0,0,0,0,2,0,0,0,0,0,2,0,0,0,0,0
39,6,1,0,0,0,0,0,1,0,0,1,0,0,0,0,0,0,0,0,0
40,6,1,0,0,0,0,0,1,0,0,1,0,0,0,0,0,0,0,0,0
41,6,1,1,2,2,0,0,3,3,6,0,0,0,0,0,0,0,0,0,0
42,6,1,1,1,1,0,0,2,2,0,0,0,4,0,0,0,0,0,0,0
43,6,1,1,1,0,0,0,2,1,3,0,0,0,0,0,0,0,0,0,0
44,6,1,0,0,0,0,0,1,0,0,0,0,1,0,0,0,0,0,0,0
45,6,0,1,0,0,0,0,0,1,0,0,0,0,1,0,0,0,0,0,0
46,6,1,1,1,1,0,0,2,2,0,0,0,0,4,0,0,0,0,0,0
47,6,0,1,0,0,0,0,0,1,0,0,0,0,1,0,0,0,0,0,0
48,6,0,1,0,0,0,0,0,1,0,0,0,0,1,0,0,0,0,0,0
49,6,0,0,1,0,0,0,1,0,0,0,0,0,0,1,0,0,0,0,0
50,6,0,1,0,0,0,0,0,1,0,1,0,0,0,0,0,0,0,0,0
51,8,1,1,0,0,0,0,1,1,0,0,0,2,0,0,0,0,0,0,0
52,8,1,0,0,0,0,0,1,0,1,0,0,0,0,0,0,0,0,0,0
53,8,0,1,1,2,0,0,1,3,0,0,0,0,0,4,0,0,0,0,0
54,8,1,0,0,0,0,0,1,0,0,1,0,0,0,0,0,0,0,0,0
55,8,1,0,0,0,0,0,1,0,0,1,0,0,0,0,0,0,0,0,0
56,8,2,3,0,0,0,0,2,3,4,0,0,0,1,0,0,0,0,0,0
57,8,1,0,0,0,0,0,1,0,0,0,0,0,0,1,0,0,0,0,0
58,8,0,1,0,1,0,0,0,2,0,0,0,2,0,0,0,0,0,0,0
59,8,0,1,0,0,0,0,0,1,0,0,0,1,0,0,0,0,0,0,0
60,8,2,1,2,0,0,0,4,1,0,5,0,0,0,0,0,0,0,0,0
61,8,0,1,0,0,0,0,0,1,0,0,0,0,0,1,0,0,0,0,0
62,8,1,1,3,3,0,0,4,4,0,0,0,0,8,0,0,0,0,0,0
63,8,0,1,0,0,0,0,0,1,0,0,0,0,0,1,0,0,0,0,0
64,8,0,1,0,0,0,0,0,1,0,0,0,1,0,0,0,0,0,0,0
65,8,0,1,0,0,0,0,0,1,0,0,0,1,0,0,0,0,0,0,0
66,8,1,1,0,0,0,0,1,1,0,0,0,2,0,0,0,0,0,0,0
67,8,1,0,0,0,0,0,1,0,1,0,0,0,0,0,0,0,0,0,0
68,9,1,2,2,0,0,0,3,2,0,0,0,0,5,0,0,0,0,0,0
69,9,1,0,0,0,0,0,1,0,0,1,0,0,0,0,0,0,0,0,0
70,9,1,1,0,0,0,0,1,1,0,0,0,2,0,0,0,0,0,0,0
71,9,1,2,1,2,0,0,2,4,5,0,0,0,1,0,0,0,0,0,0
72,9,2,2,3,2,0,0,5,4,8,0,0,0,1,0,0,0,0,0,0
73,9,1,3,1,0,0,0,2,3,4,0,0,0,1,0,0,0,0,0,0
74,9,0,1,0,1,0,0,0,2,0,0,0,2,0,0,0,0,0,0,0
75,9,1,1,0,0,0,0,1,1,0,0,0,2,0,0,0,0,0,0,0
76,9,2,0,0,0,0,0,2,0,2,0,0,0,0,0,0,0,0,0,0
77,9,1,1,0,0,0,0,1,1,0,0,0,2,0,0,0,0,0,0,0
78,9,1,0,0,0,0,0,1,0,0,0,0,1,0,0,0,0,0,0,0
79,9,1,1,0,1,0,0,1,2,0,0,0,3,0,0,0,0,0,0,0
80,9,1,1,2,1,0,0,9,2,5,0,0,0,0,0,0,0,0,0,0
81,9,0,0,0,1,0,0,0,1,1,0,0,0,0,0,0,0,0,0,0
82,9,0,1,0,0,0,0,0,1,0,0,0,0,1,0,0,0,0,0,0
83,9,0,1,0,0,0,0,0,1,0,0,0,0,1,0,0,0,0,0,0
84,9,0,1,0,0,0,0,0,1,0,0,0,0,1,0,0,0,0,0,0
85,9,1,1,0,1,0,0,1,2,0,3,0,0,0,0,0,0,0,0,0
86,9,0,1,1,2,0,0,1,3,0,0,0,4,0,0,0,0,0,0,0
87,9,1,1,0,0,0,0,1,1,0,0,0,2,0,0,0,0,0,0,0
88,9,0,0,0,1,0,0,0,1,0,0,0,0,0,1,0,0,0,0,0
89,9,0,1,0,0,0,0,0,1,0,0,0,0,1,0,0,0,0,0,0
90,9,0,1,0,0,0,0,0,1,0,1,0,0,0,0,0,0,0,0,0
91,9,0,1,2,1,0,0,2,2,0,0,0,0,0,4,0,0,0,0,0
92,10,1,3,1,1,0,0,2,4,4,0,0,0,2,0,0,0,0,0,0
93,10,0,1,0,1,0,0,0,2,1,0,0,0,1,0,0,0,0,0,0
94,10,0,1,0,0,0,0,0,1,0,1,0,0,0,0,0,0,0,0,0
95,10,1,0,0,0,0,0,1,0,1,0,0,0,0,0,0,0,0,0,0
96,10,1,1,1,2,0,0,2,3,5,0,0,0,0,0,0,0,0,0,0
97,10,0,2,0,0,0,0,0,2,0,0,0,0,2,0,0,0,0,0,0
98,10,1,1,2,0,0,0,3,1,4,0,0,0,0,0,0,0,0,0,0
99,10,0,3,0,0,0,0,0,3,0,0,0,0,3,0,0,0,0,0,0
100,10,0,1,0,0,0,0,0,1,1,0,0,0,0,0,0,0,0,0,0
101,10,0,1,0,0,0,0,0,1,0,1,0,0,0,0,0,0,0,0,0
102,10,0,1,0,0,0,0,0,1,0,1,0,0,0,0,0,0,0,0,0
103,10,1,1,0,1,0,0,1,2,3,0,0,0,0,0,0,0,0,0,0
104,10,0,3,0,0,0,0,0,3,0,0,0,0,3,0,0,0,0,0,0
105,10,0,1,0,0,0,0,0,1,1,0,0,0,0,0,0,0,0,0,0
106,10,0,1,0,0,0,0,0,1,0,0,0,0,0,1,0,0,0,0,0
107,10,1,1,0,1,0,0,1,2,0,0,0,0,3,0,0,0,0,0,0
108,10,1,0,0,0,0,0,1,0,0,0,0,1,0,0,0,0,0,0,0
109,10,1,1,1,0,0,0,2,1,3,0,0,0,0,0,0,0,0,0,0
110,11,1,0,0,1,0,0,1,1,2,0,0,0,0,0,0,0,0,0,0
111,11,0,2,0,1,0,0,0,3,0,0,0,0,3,0,0,0,0,0,0
112,11,1,1,0,2,0,0,1,3,4,0,0,0,0,0,0,0,0,0,0
113,11,0,1,0,0,0,0,0,1,0,0,0,0,1,0,0,0,0,0,0
114,11,1,0,0,0,0,0,1,0,0,1,0,0,0,0,0,0,0,0,0
115,11,0,1,0,0,0,0,0,1,1,0,0,0,0,0,0,0,0,0,0
116,11,1,1,2,1,0,0,3,2,0,5,0,0,0,0,0,0,0,0,0
117,11,0,2,0,0,0,0,0,2,0,0,0,0,2,0,0,0,0,0,0
118,12,0,2,0,1,0,0,0,3,3,0,0,0,0,0,0,0,0,0,0
119,12,0,1,0,0,0,0,0,1,0,0,0,0,1,0,0,0,0,0,0
120,12,1,1,1,0,0,0,2,1,3,0,0,0,0,0,0,0,1,0,0
121,12,1,1,2,2,0,0,3,3,0,0,0,0,6,0,0,0,0,0,0
122,12,1,1,1,0,0,0,2,1,0,0,0,0,3,0,0,0,0,0,0
123,12,1,0,0,0,0,0,1,0,0,1,0,0,0,0,0,0,0,0,0
124,12,1,0,0,0,0,0,1,0,0,0,0,1,0,0,0,0,0,0,0
125,12,0,0,1,0,0,0,1,0,0,0,0,0,0,1,0,0,0,0,0
126,12,1,0,0,0,0,0,1,0,0,1,0,0,0,0,0,0,0,0,0
127,12,0,2,0,1,0,0,0,3,0,0,0,3,0,0,0,0,0,0,0
128,12,1,0,0,0,0,0,1,0,0,1,0,0,0,0,0,0,0,0,0
129,12,0,1,0,0,0,0,0,1,0,0,0,0,1,0,0,0,0,0,0
130,12,0,1,0,0,0,0,0,1,0,1,0,0,0,0,0,0,0,0,0
131,12,1,0,0,0,0,0,1,0,0,0,0,1,0,0,0,0,0,0,0
132,12,1,1,2,0,0,0,3,1,0,0,0,4,0,0,0,0,0,0,0
133,12,0,1,0,0,0,0,0,1,0,0,0,0,1,0,0,0,0,0,0
134,12,0,1,0,0,0,0,0,1,0,0,0,0,1,0,0,0,0,0,0
135,14,1,1,4,5,0,0,5,6,0,11,0,0,0,0,0,0,0,0,0
136,14,1,3,0,1,0,0,1,4,0,5,0,0,0,0,0,0,0,0,0
137,15,0,2,2,1,0,0,2,3,0,0,0,0,5,0,0,0,0,0,0
138,15,0,1,0,0,0,0,0,1,0,1,0,0,0,0,0,0,0,0,0
139,16,1,0,0,0,0,0,1,0,1,0,0,0,0,0,0,0,0,0,0
140,16,1,1,0,0,0,0,1,1,0,0,0,0,2,0,0,0,0,0,0
141,17,1,1,1,1,0,0,2,2,4,0,0,0,0,0,0,0,0,0,0
142,17,0,2,0,0,0,0,0,2,0,0,0,0,2,0,0,0,0,0,0
143,17,1,3,1,1,0,0,2,4,4,0,0,0,2,0,0,0,0,0,0
144,17,1,1,1,1,0,0,2,2,4,0,0,0,0,0,0,0,0,0,0
145,17,0,1,0,0,0,0,0,1,0,0,0,0,0,1,0,0,0,0,0
146,17,1,1,1,1,0,0,2,2,0,4,0,0,0,0,0,0,0,0,0
147,17,0,1,0,0,0,0,0,1,0,1,0,0,0,0,0,0,0,0,0
148,17,1,1,0,0,0,0,1,1,0,2,0,0,0,0,0,0,0,0,0
149,17,0,1,0,1,0,0,0,2,0,0,0,0,0,2,0,0,0,0,0
150,17,0,1,1,0,0,0,1,1,0,2,0,0,0,0,0,0,0,0,0
151,17,1,1,0,2,0,0,1,3,0,0,0,0,4,0,0,0,0,0,0
152,19,1,1,1,1,0,0,2,2,4,0,0,0,0,0,0,0,0,0,0
153,19,0,1,0,0,0,0,0,1,0,0,0,0,1,0,0,0,0,0,0
154,19,1,0,0,0,0,0,1,0,0,1,0,0,0,0,0,0,0,0,0
155,19,1,1,3,1,0,0,4,2,6,0,0,0,0,0,0,0,0,0,0
156,19,0,1,0,1,0,0,0,2,0,0,0,0,2,0,0,0,0,0,0
157,19,1,1,2,4,0,0,3,5,8,0,0,0,0,0,0,0,0,0,0
158,19,1,1,0,1,0,0,1,2,0,0,0,3,0,0,0,0,0,0,0
159,19,1,0,0,0,0,0,1,0,0,1,0,0,0,0,0,0,0,0,0
160,19,2,1,0,3,0,0,2,4,0,6,0,0,0,0,0,0,0,0,0
161,19,1,0,0,0,0,0,1,0,1,0,0,0,0,0,0,0,0,0,0
162,19,0,1,0,0,0,0,0,1,0,1,0,0,0,0,0,0,0,0,0
163,19,0,1,0,0,0,0,0,1,0,0,0,0,1,0,0,0,0,0,0
164,19,2,1,1,0,0,0,3,1,0,0,0,4,0,0,0,0,0,0,0
165,19,0,1,0,0,0,0,0,1,0,0,0,1,0,0,0,0,0,0,0
166,19,0,1,0,0,0,0,0,1,0,0,0,0,0,1,0,0,0,0,0
167,19,1,1,0,0,0,0,1,1,0,0,0,2,0,0,0,0,0,0,0
168,19,0,1,0,0,0,0,0,1,0,0,0,0,1,0,0,0,0,0,0
169,19,1,0,0,1,0,0,1,1,0,0,0,0,0,2,0,0,0,0,1
170,20,1,0,0,0,0,0,1,0,1,0,0,0,0,0,0,0,0,0,0
171,20,0,0,1,0,0,0,1,0,0,0,0,1,0,0,0,0,0,0,0
172,20,1,1,0,2,0,0,1,3,0,0,0,4,0,0,0,0,0,0,0
173,20,0,0,0,1,0,0,0,1,0,0,0,0,1,0,0,0,0,0,0
174,20,0,0,1,0,0,0,1,0,0,0,0,0,0,1,0,0,0,0,0
175,20,0,1,0,0,0,0,0,1,0,0,0,0,0,1,0,0,0,0,0
176,21,1,5,3,0,0,0,4,5,6,0,0,0,3,0,0,0,0,0,0
177,21,1,1,0,0,0,0,1,1,0,0,0,0,2,0,0,0,0,0,0
178,21,1,0,0,0,0,0,1,0,0,0,0,0,1,0,0,0,0,0,0
179,21,0,2,0,0,0,0,0,2,0,0,0,0,0,2,0,0,0,0,0
180,21,0,0,0,1,0,0,0,1,0,0,0,0,0,1,0,0,0,0,0
181,23,1,1,0,3,0,0,1,4,5,0,0,0,0,0,0,0,0,0,0
182,23,0,4,0,0,0,0,0,4,0,0,0,0,4,0,0,0,0,0,0
183,23,2,2,0,0,0,0,2,2,4,0,0,0,0,0,0,0,0,0,0
184,23,1,0,0,0,0,0,1,0,0,0,0,0,1,0,0,0,0,0,0
185,23,0,1,0,1,0,0,0,2,2,0,0,0,0,0,0,0,0,0,0
186,24,2,2,2,1,0,0,4,3,4,1,0,0,0,2,0,0,0,0,1
187,24,0,0,0,1,0,0,0,1,1,0,0,0,0,0,0,0,0,0,0
188,25,1,1,1,0,0,0,2,1,3,0,0,0,0,0,0,3,0,0,0
189,25,0,3,0,0,0,0,0,3,0,0,0,0,3,0,0,0,0,0,0
190,25,1,0,0,0,0,0,1,0,0,0,0,0,1,0,0,0,0,0,0
191,25,0,0,1,0,0,0,1,0,0,0,0,0,1,0,0,0,0,0,0
192,25,1,0,0,0,0,0,1,0,0,0,0,0,1,0,0,0,0,0,0
193,25,2,0,0,0,0,0,2,0,0,0,0,0,2,0,0,0,0,0,0
194,25,0,0,1,0,0,0,1,0,0,0,0,0,1,0,0,1,0,0,0
195,25,1,0,0,0,0,0,1,0,0,0,0,0,1,0,0,0,0,0,0
196,25,1,0,0,0,0,0,1,0,0,0,0,0,1,0,0,0,0,0,0
197,26,0,1,0,0,0,0,0,1,1,0,0,0,0,0,0,0,0,0,0
198,26,0,1,0,0,0,0,0,1,1,0,0,0,0,0,0,0,0,0,0
199,26,0,1,0,0,0,0,0,1,0,1,0,0,0,0,0,0,0,0,0
200,26,0,1,0,0,0,0,0,1,1,0,0,0,0,0,0,0,0,0,0
201,26,1,0,0,0,0,0,1,0,1,0,0,0,0,0,0,0,0,0,0
202,26,0,2,3,1,0,0,3,3,0,0,0,0,6,0,0,0,0,0,0
203,26,1,1,1,0,0,0,2,1,0,0,0,3,0,0,0,0,0,0,0
204,26,0,1,0,1,0,0,0,2,0,0,0,2,0,0,0,0,0,0,0
205,26,1,0,0,0,0,0,1,0,0,0,0,1,0,0,0,0,0,0,0
206,26,0,1,0,0,0,0,0,1,0,0,0,0,1,0,0,0,0,0,0
207,26,1,1,1,1,0,0,2,2,0,4,0,0,0,0,0,0,0,0,0
208,26,0,1,1,0,0,0,1,1,0,0,0,2,0,0,0,0,0,0,0
209,26,0,1,0,0,0,0,0,1,0,1,0,0,0,0,0,0,0,0,0
210,27,1,1,0,1,0,0,1,2,0,0,0,0,3,0,0,0,0,0,0
211,28,1,1,0,2,0,0,1,3,4,0,0,0,0,0,0,0,0,0,0
212,28,0,1,0,0,0,0,0,1,1,0,0,0,0,0,0,0,0,0,0
213,28,0,1,0,0,0,0,0,1,0,0,0,0,1,0,0,0,0,0,0
214,28,0,2,1,0,0,0,1,2,1,2,0,0,0,0,0,0,0,0,0
215,28,0,0,1,0,0,0,1,0,0,1,0,0,0,0,0,0,0,0,0
216,28,1,1,1,0,0,0,2,1,3,0,0,0,0,0,0,0,0,0,0
217,28,0,0,1,0,0,0,1,0,0,0,0,1,0,0,0,0,0,0,0
218,28,0,1,0,0,0,0,0,1,0,0,0,0,1,0,0,0,0,0,0
219,28,1,0,0,0,0,0,1,0,0,0,0,1,0,0,0,0,0,0,0
220,28,1,1,0,0,0,0,1,1,2,0,0,0,0,0,0,2,0,0,0
221,28,0,1,0,1,0,0,0,2,0,0,0,0,2,0,0,0,0,0,0
222,28,0,0,1,0,0,0,1,0,0,1,0,0,0,0,0,1,0,0,0
223,28,1,0,0,0,0,0,1,0,0,0,0,1,0,0,0,0,0,0,0
224,28,0,1,0,0,0,0,0,1,0,1,0,0,0,0,0,1,0,0,0
225,29,0,3,0,0,0,0,0,3,1,0,0,0,2,0,0,0,0,0,0
226,29,0,0,1,1,0,0,1,1,2,0,0,0,0,0,0,0,0,0,0
227,29,1,1,1,2,0,0,2,3,5,0,0,0,0,0,0,0,0,0,0
228,29,1,1,0,1,0,0,1,2,3,0,0,0,0,0,0,0,0,0,0
229,29,0,2,0,0,0,0,0,2,0,0,0,0,2,0,0,0,0,0,0
230,29,0,1,0,0,0,0,0,1,1,0,0,0,0,0,0,0,0,0,0
231,29,1,2,1,2,0,0,2,4,5,0,0,0,1,0,0,0,0,0,0
232,29,0,1,0,0,0,0,0,1,1,0,0,0,0,0,0,0,0,0,0
233,29,1,0,0,0,0,0,1,0,0,0,0,0,0,1,0,0,0,0,0
234,29,2,3,1,2,0,0,3,5,4,4,0,0,0,0,0,0,0,0,0
235,31,0,1,1,0,0,0,1,1,2,0,0,0,0,0,0,0,0,0,0
236,31,0,1,0,0,0,0,0,1,0,1,0,0,0,0,0,0,0,0,0
237,31,1,1,1,1,0,0,2,2,0,0,0,4,0,0,0,0,0,0,0
238,31,1,0,0,0,0,0,1,0,0,0,0,1,0,0,0,0,0,0,0
239,31,1,0,0,0,0,0,1,0,0,0,0,1,0,0,0,0,0,0,0
240,31,0,1,0,0,0,0,0,1,0,0,0,1,0,0,0,0,0,0,0
241,31,1,0,0,0,0,0,1,0,0,0,0,1,0,0,0,0,0,0,0
242,31,0,1,0,0,0,0,0,1,0,0,0,1,0,0,0,0,0,0,0
243,31,1,0,0,0,0,0,1,0,0,0,0,1,0,0,0,0,0,0,0
244,31,0,1,1,1,0,0,1,2,0,0,0,0,3,0,0,0,3,0,0
245,33,1,0,1,0,0,0,2,0,2,0,0,0,0,0,0,0,0,0,0
246,33,0,1,0,0,0,0,0,1,0,1,0,0,0,0,0,0,0,0,0
247,33,0,1,0,0,0,0,0,1,0,1,0,0,0,0,0,0,0,0,0
248,33,0,1,0,0,0,0,0,1,0,0,0,0,1,0,0,0,0,0,0
249,33,0,1,0,0,0,0,0,1,0,0,0,0,1,0,0,0,0,0,0
250,33,0,10,0,0,0,0,0,10,0,0,0,0,10,0,0,0,0,0,0
251,33,1,2,1,1,0,0,2,3,0,0,0,0,5,0,0,0,0,0,0
252,33,0,1,0,0,0,0,0,1,0,0,0,0,1,0,0,0,0,0,0
253,33,0,1,0,0,0,0,0,1,0,0,0,0,1,0,0,0,0,0,0
254,35,1,1,1,0,0,0,2,1,3,0,0,0,0,0,0,0,0,0,0
255,35,0,5,0,1,0,0,0,6,0,0,0,0,6,0,0,0,0,0,0
256,35,1,0,0,1,0,0,1,1,1,0,0,0,1,0,0,0,0,0,0
257,35,0,1,0,0,0,0,0,1,0,1,0,0,0,0,0,0,0,0,0
258,35,0,1,0,0,0,0,0,1,0,0,0,1,0,0,0,0,0,0,0
259,35,1,0,0,0,0,0,1,0,0,1,0,0,0,0,0,0,0,0,0
260,35,1,1,0,1,0,0,1,2,0,3,0,0,0,0,0,0,0,0,0
261,35,1,0,0,0,0,0,1,0,0,1,0,0,0,0,0,0,0,0,0
262,35,1,0,0,0,0,0,1,0,0,1,0,0,0,0,0,0,0,0,0
263,35,1,0,0,0,0,0,1,0,0,1,0,0,0,0,0,0,0,0,0
264,35,1,1,1,2,0,0,2,3,5,0,0,0,0,0,0,0,0,0,0
265,35,0,1,0,0,0,0,0,1,0,0,0,0,1,0,0,0,0,0,0
266,35,1,1,4,1,0,0,5,2,7,0,0,0,0,0,0,0,0,0,0
267,35,0,1,0,0,0,0,0,1,0,0,0,1,0,0,0,0,0,0,0
268,35,1,0,0,0,0,0,1,0,0,0,0,1,0,0,0,0,0,0,0
269,35,1,1,1,1,0,0,2,2,0,0,0,4,0,0,0,0,0,0,0
270,35,0,1,0,0,0,0,0,1,0,1,0,0,0,0,0,0,0,0,0
271,35,0,1,0,0,0,0,0,1,0,1,0,0,0,0,0,0,0,0,0
272,35,1,0,0,0,0,0,1,0,0,0,0,1,0,0,0,0,0,0,0
273,35,0,0,0,1,0,0,0,1,0,0,0,1,0,0,0,0,0,0,0
274,35,1,1,0,2,0,0,1,3,0,0,0,0,4,0,0,0,0,0,0
275,35,0,1,0,0,0,0,0,1,0,0,0,0,0,1,0,0,0,0,0
276,35,1,0,0,0,0,0,1,0,0,0,0,0,1,0,0,0,0,0,0
277,35,0,1,0,0,0,0,0,1,0,0,0,0,0,1,0,0,0,0,0
278,35,1,1,0,1,0,0,1,2,0,3,0,0,0,0,0,0,0,0,0
279,35,0,0,0,1,0,0,0,1,0,0,0,0,0,1,0,0,0,0,0
280,35,1,1,1,1,0,0,2,2,0,0,0,0,4,0,0,0,0,0,0
281,35,1,0,0,0,0,0,1,0,0,0,0,0,1,0,0,0,0,0,1
282,35,1,1,0,0,0,0,1,1,0,2,0,0,0,0,0,0,0,0,0
283,35,1,1,1,1,0,0,2,2,4,0,0,0,0,0,0,0,0,0,0
284,35,0,1,0,0,0,0,0,1,0,1,0,0,0,0,0,0,0,0,0
285,35,1,1,0,3,0,0,1,4,0,0,0,5,0,0,0,0,0,0,0
286,35,0,1,0,0,0,0,0,1,0,0,0,0,1,0,0,0,0,0,0
287,35,0,1,0,0,0,0,0,1,0,1,0,0,0,0,0,0,0,0,0
288,35,1,1,0,0,0,0,1,1,0,0,0,0,2,0,0,0,0,0,0
289,35,0,1,0,0,0,0,0,1,1,0,0,0,0,0,0,0,0,0,0
290,35,1,0,0,0,0,0,1,0,0,1,0,0,0,0,0,0,0,0,0
291,35,1,0,0,0,0,0,1,0,1,0,0,0,0,0,0,0,0,0,0
292,35,0,1,0,0,0,0,0,1,0,1,0,0,0,0,0,0,0,0,0
293,35,1,0,0,0,0,0,1,0,0,1,0,0,0,0,0,0,0,0,0
294,36,1,1,0,0,0,0,1,1,2,0,0,0,0,0,0,0,0,0,0
295,36,0,0,0,1,0,0,0,1,1,0,0,0,0,0,0,0,0,0,0
296,36,1,1,0,0,0,0,1,1,2,0,0,0,0,0,0,0,0,0,0
297,36,1,0,0,0,0,0,1,0,0,1,0,0,0,0,0,0,0,0,0
298,36,1,1,2,1,0,0,3,2,0,5,0,0,0,0,0,0,0,0,0
299,36,0,2,0,0,0,0,0,2,1,0,0,0,1,0,0,0,0,0,0
300,36,1,1,1,1,0,0,2,2,0,0,0,0,0,4,0,0,0,0,0
301,36,0,0,0,1,0,0,0,1,0,0,0,0,0,1,0,0,0,0,0
302,36,0,1,0,0,0,0,0,1,0,0,0,1,0,0,0,0,0,0,0
303,36,0,1,0,0,0,0,0,1,0,0,0,1,0,0,0,0,0,0,0
304,36,0,1,0,0,0,0,0,1,0,0,0,0,1,0,0,0,0,0,0
305,36,0,1,0,0,0,0,0,1,0,0,0,0,0,1,0,0,0,0,0
306,36,0,1,0,0,0,0,0,1,0,1,0,0,0,0,0,0,0,0,0
307,36,0,1,0,0,0,0,0,1,0,0,0,1,0,0,0,0,0,0,0
308,36,1,2,1,2,0,0,2,4,5,1,0,0,0,0,0,0,0,0,0
309,36,3,1,2,3,0,0,5,4,0,0,0,9,0,0,0,0,0,0,1
310,36,1,0,0,0,0,0,1,0,0,0,0,1,0,0,0,0,0,0,0
311,36,1,0,0,0,0,0,1,0,0,0,0,1,0,0,0,0,0,0,0
312,36,1,0,0,0,0,0,1,0,0,0,0,0,0,1,0,0,0,0,0
313,36,1,0,0,0,0,0,1,0,0,0,0,1,0,0,0,0,0,0,0
314,37,0,0,0,1,0,0,0,1,0,0,0,0,1,0,0,0,0,0,0
315,37,1,0,0,0,0,0,1,0,0,1,0,0,0,0,0,0,0,0,0
316,37,0,1,0,0,0,0,0,1,0,0,0,1,0,0,0,0,0,0,0
317,37,0,1,0,0,0,0,0,1,0,0,0,1,0,0,0,0,0,0,0
318,37,1,0,0,0,0,0,1,0,0,1,0,0,0,0,0,0,0,0,0
319,37,1,0,0,0,0,0,1,0,0,1,0,0,0,0,0,0,0,0,0
320,37,0,1,0,0,0,0,0,1,0,0,0,0,1,0,0,0,0,0,0
321,37,1,1,0,1,0,0,1,2,3,0,0,0,0,0,0,3,0,0,0
322,38,0,1,0,0,0,0,0,1,0,0,0,0,0,1,0,0,0,0,0
323,38,0,1,0,0,0,0,0,1,0,0,0,0,1,0,0,0,0,0,0
324,38,0,0,1,0,0,0,1,0,0,0,0,0,1,0,0,0,0,0,0
325,38,0,1,0,0,0,0,0,1,0,0,0,0,1,0,0,0,0,0,0
326,38,0,1,0,0,0,0,0,1,0,0,0,0,1,0,0,0,0,0,0
327,38,0,1,0,0,0,0,0,1,0,0,0,0,1,0,0,0,0,0,0
328,38,0,0,0,1,0,0,0,1,0,0,0,0,0,1,0,0,0,0,0
329,38,0,1,0,0,0,0,0,1,0,0,0,0,0,1,0,0,0,0,0
330,38,1,1,3,3,0,0,4,4,0,0,0,0,8,0,0,0,0,0,0
331,38,2,4,0,1,0,0,2,5,6,0,0,0,1,0,0,0,0,0,0
332,38,0,2,0,0,0,0,0,2,0,0,0,2,0,0,0,0,0,0,0
333,38,0,1,0,0,0,0,0,1,0,1,0,0,0,0,0,0,0,0,0
334,38,1,4,0,0,0,0,1,4,2,0,0,0,3,0,0,0,0,0,0
335,38,1,0,1,0,0,0,2,0,0,0,0,0,0,2,0,0,0,0,0
336,38,0,1,0,0,0,0,0,1,0,0,0,0,1,0,0,0,0,0,0
337,38,0,2,0,0,0,0,0,2,0,0,0,0,2,0,0,0,0,0,0
338,38,0,0,1,0,0,0,1,0,0,0,0,0,1,0,0,0,0,0,0
339,38,0,1,0,0,0,0,0,1,0,0,0,0,1,0,0,0,0,0,0
340,38,1,0,0,0,0,0,1,0,0,0,0,0,1,0,0,0,0,0,1
341,38,0,1,0,0,0,0,0,1,0,1,0,0,0,0,0,0,0,0,0
342,38,0,1,1,0,0,0,1,1,0,0,0,2,0,0,0,0,0,0,0
343,38,0,1,0,0,0,0,0,1,1,0,0,0,0,0,0,0,0,0,0
344,38,0,1,0,0,0,0,0,1,0,1,0,0,0,0,0,0,0,0,0
345,38,0,1,0,1,0,0,0,2,1,0,0,0,0,1,0,0,0,0,0
346,38,1,1,0,0,0,0,1,1,0,2,0,0,0,0,0,0,0,0,0
347,38,0,1,0,0,0,0,0,1,0,1,0,0,0,0,0,0,0,0,0
348,38,1,0,0,0,0,0,1,0,1,0,0,0,0,0,0,0,0,0,0
349,38,1,0,0,0,0,0,1,0,1,0,0,0,0,0,0,0,0,0,0
350,39,0,4,3,1,0,0,3,5,5,0,0,0,3,0,0,0,0,0,0
351,39,0,2,0,0,0,0,0,2,0,2,0,0,0,0,0,0,0,0,0
352,39,0,1,0,0,0,0,0,1,0,0,0,0,1,0,0,0,0,0,0
353,39,1,1,0,3,0,0,1,4,0,0,0,0,5,0,0,0,0,0,0
354,39,1,1,0,2,0,0,1,3,4,0,0,0,0,0,0,0,0,0,0
355,39,0,1,0,0,0,0,0,1,0,0,0,0,1,0,0,0,0,0,0
356,40,2,4,0,0,0,0,2,4,3,0,0,0,3,0,0,0,0,0,0
357,40,0,0,0,2,0,0,0,2,2,0,0,0,0,0,0,0,0,0,0
358,40,0,1,0,0,0,0,0,1,0,0,0,0,1,0,0,0,0,0,0
359,40,0,1,0,0,0,0,0,1,0,0,0,0,1,0,0,0,0,0,0
360,40,2,3,1,0,0,0,3,3,4,0,0,0,2,0,0,0,0,0,1
361,40,1,0,0,0,0,0,1,0,1,0,0,0,0,0,0,0,0,0,0
362,40,0,2,0,0,0,0,0,2,0,0,0,0,2,0,0,0,0,0,0
363,40,0,1,0,1,0,0,0,2,1,0,0,0,1,0,0,0,0,0,0
364,40,0,1,0,0,0,0,0,1,0,1,0,0,0,0,0,0,0,0,0
365,40,1,0,0,0,0,0,1,0,0,1,0,0,0,0,0,0,0,0,0
366,40,1,1,2,2,0,0,3,3,6,0,0,0,0,0,0,0,0,0,0
367,40,0,1,0,1,0,0,0,2,0,0,0,0,2,0,0,0,0,0,0
368,40,0,1,0,0,0,0,0,1,1,0,0,0,0,0,0,0,0,0,0
369,40,1,1,0,0,0,0,1,1,0,0,0,0,2,0,0,0,0,0,0
370,40,2,2,0,2,0,0,2,4,0,0,0,0,6,0,0,0,0,0,0
371,40,1,0,0,1,0,0,1,1,0,0,0,0,2,0,0,0,0,0,0
372,40,1,0,0,0,0,0,1,0,0,1,0,0,0,0,0,0,0,0,0
373,40,0,1,0,0,0,0,0,1,0,1,0,0,0,0,0,0,0,0,0
374,40,0,1,0,0,0,0,0,1,0,0,0,0,1,0,0,0,0,0,0
375,42,1,1,5,0,0,0,6,1,7,0,0,0,0,0,0,0,0,0,0
376,42,0,4,0,0,0,0,0,4,0,0,0,0,4,0,0,0,0,0,0
377,42,0,0,2,0,0,0,2,0,0,0,0,0,0,2,0,0,0,0,0
378,42,1,1,1,0,0,0,2,1,0,3,0,0,0,0,0,0,0,0,0
379,42,0,2,0,0,0,0,0,2,1,0,0,0,1,0,0,0,0,0,0
380,42,0,1,0,1,0,0,0,2,2,0,0,0,0,0,0,0,0,0,0
381,42,0,2,0,0,0,0,0,2,0,0,0,0,2,0,0,0,0,0,0
382,42,0,1,0,0,0,0,0,1,0,0,0,1,0,0,0,0,0,0,0
383,42,0,2,0,1,0,0,0,3,1,1,0,0,1,0,0,0,0,0,0
384,42,0,2,0,0,0,0,0,2,0,2,0,0,0,0,0,0,0,0,0
385,42,1,1,0,1,0,0,1,2,3,0,0,0,0,0,0,0,0,0,0
386,42,0,1,0,0,0,0,0,1,0,0,0,0,1,0,0,0,0,0,0
387,42,1,1,2,1,0,0,3,2,0,0,0,0,5,0,0,0,0,0,0
388,44,1,1,1,0,0,0,2,1,0,3,0,0,0,0,0,0,0,0,0
389,44,1,0,0,0,0,0,1,0,0,1,0,0,0,0,0,0,0,0,0
390,45,2,4,1,1,0,0,3,5,7,0,0,0,1,0,0,0,0,0,0
391,45,0,1,0,0,0,0,0,1,0,0,0,0,1,0,0,0,0,0,0
392,45,1,1,0,3,0,0,1,4,5,0,0,0,0,0,0,0,0,0,0
393,45,1,1,1,1,0,0,2,2,4,0,0,0,0,0,0,0,0,0,0
394,45,0,1,0,0,0,0,0,1,0,0,0,0,1,0,0,0,0,0,0
395,45,1,2,0,1,0,0,1,3,3,0,0,0,1,0,0,0,0,0,0
396,45,1,1,2,0,0,0,3,1,4,0,0,0,0,0,0,0,0,0,0
397,45,0,1,0,0,0,0,0,1,0,0,0,0,1,0,0,0,0,0,0
398,45,1,1,0,0,0,0,1,1,0,2,0,0,0,0,0,0,0,0,0
399,45,1,1,0,0,0,0,1,1,2,0,0,0,0,0,0,1,0,0,0
400,45,0,1,0,0,0,0,0,1,0,0,0,0,1,0,0,0,0,0,0
401,45,1,0,0,0,0,0,1,0,1,0,0,0,0,0,0,0,0,0,0
402,45,1,1,0,0,0,0,1,1,2,0,0,0,0,0,0,0,0,0,0
403,45,0,1,0,0,0,0,0,1,0,1,0,0,0,0,0,0,0,0,0
404,45,0,1,0,0,0,0,0,1,0,1,0,0,0,0,0,0,0,0,0
405,45,0,1,0,0,0,0,0,1,0,1,0,0,0,0,0,0,0,0,0
406,45,1,0,0,1,0,0,1,1,0,0,0,2,0,0,0,0,0,0,0
407,45,0,1,0,0,0,0,0,1,0,0,0,0,0,1,0,0,0,0,0
408,45,0,1,1,0,0,0,1,1,0,0,0,2,0,0,0,0,0,0,0
409,45,1,1,1,2,0,0,2,3,0,0,0,0,5,0,0,0,0,0,0
410,45,1,1,2,1,0,0,3,2,0,0,0,0,5,0,0,0,0,0,0
411,45,0,1,0,0,0,0,0,1,1,0,0,0,0,0,0,0,0,0,0
412,45,0,2,0,0,0,0,0,2,0,0,0,0,2,0,0,0,0,0,0
413,45,0,1,0,0,0,0,0,1,1,0,0,0,0,0,0,0,0,0,0
414,45,0,1,0,0,0,0,0,1,0,0,0,0,1,0,0,0,0,0,0
415,46,1,1,0,0,0,0,1,1,0,2,0,0,0,0,0,0,0,0,1
416,46,1,1,0,2,0,0,1,3,0,4,0,0,0,0,0,0,0,0,0
417,46,0,1,0,0,0,0,0,1,0,0,0,0,1,0,0,0,0,0,0
418,46,1,1,0,1,0,0,1,2,0,3,0,0,0,0,0,0,0,0,0
419,46,0,4,0,0,0,0,0,4,0,0,0,0,4,0,0,0,0,0,0
420,46,1,1,1,1,0,0,2,2,4,0,0,0,0,0,0,0,0,0,0
421,46,0,2,0,0,0,0,0,2,0,0,0,0,2,0,0,0,0,0,0
422,46,0,1,0,0,0,0,0,1,0,1,0,0,0,0,0,0,0,0,0
423,46,1,1,2,3,0,0,3,4,0,7,0,0,0,0,0,0,0,0,0
424,46,0,1,0,0,0,0,0,1,0,0,0,0,1,0,0,0,0,0,0
425,46,0,1,0,0,0,0,0,1,1,0,0,0,0,0,0,0,0,0,0
426,46,0,1,0,1,0,0,0,2,0,2,0,0,0,0,0,0,0,0,0
427,46,1,4,4,2,0,0,5,6,9,0,0,0,2,0,0,0,0,0,0
428,46,3,2,5,1,0,0,8,3,0,11,0,0,0,0,0,0,0,0,0
429,46,0,0,0,1,0,0,0,1,0,0,0,0,0,1,0,0,0,0,0
430,46,0,1,0,0,0,0,0,1,0,0,0,0,1,0,0,0,0,0,0
431,46,0,1,0,0,0,0,0,1,0,0,0,0,1,0,0,0,0,0,0
432,46,2,4,4,4,0,0,6,8,11,0,0,0,3,0,0,0,0,0,1
433,46,0,0,0,1,0,0,0,1,0,0,0,0,0,1,0,0,0,0,0
434,46,0,2,0,2,0,0,0,4,4,0,0,0,0,0,0,0,0,4,0
435,46,0,1,0,0,0,0,0,1,0,0,0,0,1,0,0,0,0,0,0
436,46,1,1,0,1,0,0,1,2,3,0,0,0,0,0,0,0,0,0,0
437,46,1,0,0,0,0,0,1,0,0,1,0,0,0,0,0,0,0,0,0
438,46,1,0,0,0,0,0,1,0,0,1,0,0,0,0,0,0,0,0,0
439,46,1,0,0,0,0,0,1,0,0,0,0,0,0,1,0,0,0,0,0
440,46,0,1,0,0,0,0,0,1,1,0,0,0,0,0,0,0,0,0,0
441,46,0,5,0,0,0,0,0,5,0,0,0,0,5,0,0,0,0,0,0
442,46,1,2,0,0,0,0,1,2,3,0,0,0,0,0,0,0,0,0,0
443,46,1,0,0,0,0,0,1,0,0,1,0,0,0,0,0,0,0,0,0
444,46,0,1,0,0,0,0,0,1,1,0,0,0,0,0,0,0,0,0,0
445,46,1,1,1,1,0,0,2,2,4,0,0,0,0,0,0,0,0,0,0
446,46,0,2,0,0,0,0,0,2,0,0,0,0,2,0,0,0,0,0,0
447,46,1,1,1,1,0,0,2,2,4,0,0,0,0,0,0,0,0,0,0
448,46,0,2,0,0,0,0,0,2,0,0,0,0,2,0,0,0,0,0,0
449,46,0,1,0,0,0,0,0,1,0,1,0,0,0,0,0,0,0,0,0
450,46,1,0,0,0,0,0,1,0,0,1,0,0,0,0,0,0,0,0,0
451,46,1,0,0,0,0,0,1,0,0,1,0,0,0,0,0,0,0,0,0
452,46,1,1,3,0,0,0,4,1,5,0,0,0,0,0,0,0,0,0,0
453,46,0,1,0,0,0,0,0,1,0,0,0,0,1,0,0,0,0,0,0
454,46,1,3,0,0,0,0,1,3,4,0,0,0,0,0,0,0,0,0,0
455,46,0,2,0,0,0,0,0,2,0,0,0,0,2,0,0,0,0,0,0
456,46,2,1,1,0,0,0,3,2,4,0,0,0,0,0,0,0,0,0,0
457,46,0,1,0,1,0,0,0,2,0,0,0,0,2,0,0,0,0,0,0
458,46,0,2,0,0,0,0,0,2,0,0,0,0,2,0,0,0,0,0,0
459,46,1,0,0,0,0,0,1,0,0,1,0,0,0,0,0,0,0,0,0
460,46,1,0,0,0,0,0,1,0,0,1,0,0,0,0,0,0,0,0,0
461,46,1,0,0,0,0,0,1,0,0,0,0,1,0,0,0,0,0,0,0
462,46,1,0,0,0,0,0,1,0,0,1,0,0,0,0,0,0,0,0,0
463,46,1,0,0,0,0,0,1,0,0,1,0,0,0,0,0,0,0,0,0
464,46,1,0,0,0,0,0,1,0,0,0,1,0,0,0,0,0,0,0,0
465,46,1,0,0,0,0,0,1,0,0,0,1,0,0,0,0,0,0,0,0
466,46,0,1,0,0,0,0,0,1,0,1,0,0,0,0,0,0,0,0,0
467,46,0,1,0,0,0,0,0,1,0,0,0,0,1,0,0,0,0,0,0
468,46,1,0,0,0,0,0,1,0,0,0,1,0,0,0,0,0,0,0,0
469,47,2,1,1,3,0,0,3,4,0,5,0,0,2,0,0,0,0,0,1
470,48,0,5,0,0,0,0,0,5,0,0,0,0,5,0,0,0,0,0,0
471,48,1,1,2,1,0,0,3,2,0,5,0,0,0,0,0,0,0,0,0
472,48,1,0,0,0,0,0,1,0,0,1,0,0,0,0,0,0,0,0,0
473,48,1,0,0,0,0,0,1,0,0,1,0,0,0,0,0,0,0,0,0
474,48,0,1,0,0,0,0,0,1,0,0,0,1,0,0,0,0,0,0,0
475,48,1,1,0,1,0,0,1,2,0,0,0,3,0,0,0,0,0,0,0
476,48,0,1,1,0,0,0,1,1,0,0,0,2,0,0,0,0,0,0,0
477,48,1,1,1,0,0,0,2,1,0,3,0,0,0,0,0,0,0,0,0
478,48,0,0,0,1,0,0,0,1,0,0,0,0,1,0,0,0,0,0,0
479,48,1,1,2,1,0,0,3,2,0,0,0,0,5,0,0,0,0,0,0
480,48,1,1,0,1,0,0,1,2,0,0,0,0,3,0,0,0,0,0,0
481,48,0,1,0,0,0,0,0,1,0,0,0,0,1,0,0,0,0,0,0
482,48,1,1,0,0,0,0,1,1,0,2,0,0,0,0,0,0,0,0,0
483,48,0,1,0,0,0,0,0,1,0,0,0,0,1,0,0,0,0,0,0
484,48,1,0,0,0,0,0,1,0,1,0,0,0,0,0,0,0,0,0,0
485,49,1,2,1,3,0,0,2,5,7,0,0,0,0,0,0,0,0,0,0
486,49,1,0,0,0,0,0,1,0,0,0,0,1,0,0,0,0,0,0,0
487,49,1,0,0,0,0,0,1,0,0,0,0,1,0,0,0,0,0,0,0
488,50,2,1,0,0,0,0,2,1,0,3,0,0,0,0,0,0,0,0,0
489,50,0,1,0,0,0,0,0,1,0,0,0,0,1,0,0,0,0,0,0
490,50,1,1,1,2,0,0,2,3,5,0,0,0,0,0,0,0,0,0,0
491,50,0,1,0,0,0,0,0,1,0,0,0,0,1,0,0,0,0,0,0
492,50,1,1,2,0,0,0,3,1,0,4,0,0,0,0,0,0,0,0,0
493,50,0,1,0,0,0,0,0,1,0,0,0,0,1,0,0,0,0,0,0
494,50,1,0,0,0,0,0,1,0,1,0,0,0,0,0,0,0,0,0,0
495,50,1,2,0,0,0,0,1,2,0,3,0,0,0,0,0,0,0,0,0
496,50,0,1,0,0,0,0,0,1,0,1,0,0,0,0,0,0,0,0,0
497,50,0,1,0,0,0,0,0,1,0,1,0,0,0,0,0,0,0,0,0
498,50,1,1,0,3,0,0,1,4,5,0,0,0,0,0,0,0,0,0,0
499,50,0,0,1,1,0,0,1,1,0,0,0,0,0,2,0,0,0,0,0
500,50,1,1,0,1,0,0,1,2,0,0,0,3,0,0,0,0,0,0,0
501,50,1,1,1,2,0,0,2,3,0,0,0,5,0,0,0,0,0,0,0
502,50,1,1,1,0,0,0,2,1,0,0,0,3,0,0,0,0,0,0,0
503,50,0,1,0,0,0,0,0,1,0,0,0,1,0,0,0,0,0,0,0
504,50,1,2,1,2,0,0,2,4,5,0,0,0,1,0,0,1,0,0,0
505,50,1,0,0,0,0,0,1,0,1,0,0,0,0,0,0,0,0,0,0
506,51,2,1,0,2,0,0,2,3,5,0,0,0,0,0,0,0,0,0,0
507,51,0,1,0,0,0,0,0,1,0,0,0,0,1,0,0,0,0,0,0
508,51,1,1,0,0,0,0,1,1,0,0,0,2,0,0,0,0,0,0,0
509,51,0,1,0,0,0,0,0,1,0,0,0,0,1,0,0,0,0,0,0
510,51,1,1,2,1,0,0,3,2,0,5,0,0,0,0,0,0,0,0,0
511,51,0,2,0,0,0,0,0,2,0,0,0,0,2,0,0,0,0,0,0
512,51,0,3,0,0,0,0,0,3,0,0,0,0,3,0,0,0,0,0,0
513,51,2,2,2,0,0,0,4,2,6,0,0,0,0,0,0,0,0,0,0
514,51,0,4,0,0,0,0,0,4,0,0,0,0,4,0,0,0,0,0,0
515,51,1,1,0,2,0,0,1,3,4,0,0,0,0,0,0,0,0,0,0
516,51,0,2,0,0,0,0,0,2,0,0,0,0,2,0,0,0,0,0,0
517,51,0,1,0,0,0,0,0,1,0,0,0,0,1,0,0,0,0,0,0
518,51,1,2,1,2,0,0,2,4,0,5,0,0,1,0,0,0,0,0,0
519,51,1,0,0,0,0,0,1,0,0,0,0,0,1,0,0,0,0,0,0
520,52,3,4,0,0,0,0,3,4,5,0,0,0,2,0,0,5,0,0,0
521,52,0,1,0,0,0,0,0,1,0,0,0,0,1,0,0,0,0,0,0
522,52,1,2,0,3,0,0,1,5,6,0,0,0,0,0,0,0,0,0,0
523,52,0,1,0,1,0,0,0,2,0,0,0,0,2,0,0,0,0,0,0
524,52,0,1,0,0,0,0,0,1,0,0,0,0,1,0,0,0,0,0,0
525,52,1,1,0,0,0,0,1,1,2,0,0,0,0,0,0,2,0,0,0
526,52,0,1,0,0,0,0,0,1,0,0,0,0,1,0,0,0,0,0,0
527,52,1,1,0,0,0,0,1,1,2,0,0,0,0,0,0,0,0,0,0
528,52,0,1,0,0,0,0,0,1,0,0,0,0,1,0,0,0,0,0,0
529,52,0,2,0,0,0,0,0,2,0,0,0,0,2,0,0,0,0,0,0
530,52,0,2,2,1,0,0,2,3,5,0,0,0,0,0,0,5,0,0,0
531,52,0,4,0,0,0,0,0,4,4,0,0,0,0,0,0,0,0,0,0
532,52,0,0,0,1,0,0,0,1,0,0,0,0,1,0,0,0,0,0,0
533,52,0,1,0,0,0,0,0,1,0,0,0,0,0,1,0,0,0,0,0
534,52,0,1,0,0,0,0,0,1,0,0,0,0,1,0,0,0,0,0,0
535,52,1,1,0,0,0,0,1,1,0,0,0,2,0,0,0,0,0,0,0
536,52,1,0,0,0,0,0,1,0,0,0,0,0,0,1,0,0,0,0,0
537,52,1,2,2,2,0,0,3,4,0,0,0,7,0,0,0,0,0,0,0
538,52,1,1,0,0,0,0,1,1,0,0,0,2,0,0,0,0,0,0,0
539,53,1,1,0,0,0,0,1,1,2,0,0,0,0,0,0,0,0,0,0
540,53,0,2,0,0,0,0,0,2,0,0,0,0,2,0,0,0,0,0,0
541,53,2,4,0,0,0,0,2,4,5,0,0,0,1,0,0,0,0,0,0
542,53,3,1,0,0,0,0,3,1,4,0,0,0,0,0,0,0,0,0,0
543,53,0,2,0,0,0,0,0,2,0,0,0,0,2,0,0,0,0,0,0
544,53,1,1,0,0,0,0,1,1,0,0,0,0,2,0,0,0,0,0,0
545,53,1,0,0,0,0,0,1,0,0,0,0,1,0,0,0,0,0,0,0
546,53,1,0,0,0,0,0,1,0,0,1,0,0,0,0,0,0,0,0,0
547,54,1,1,0,0,0,0,1,1,2,0,0,0,0,0,0,0,0,0,0
548,54,0,2,0,0,0,0,0,2,0,0,0,0,2,0,0,0,0,0,0
549,54,0,1,0,0,0,0,0,1,0,0,0,0,1,0,0,0,0,0,0
550,54,1,1,1,0,0,0,2,1,3,0,0,0,0,0,0,0,0,0,0
551,54,0,1,0,0,0,0,0,1,0,0,0,0,1,0,0,0,0,0,0
552,54,0,1,0,0,0,0,0,1,0,0,0,0,1,0,0,0,0,0,0
553,54,0,1,0,0,0,0,0,1,1,0,0,0,0,0,0,0,0,0,0
554,54,0,2,0,0,0,0,0,2,1,0,0,0,1,0,0,0,0,0,0
555,54,0,1,0,0,0,0,0,1,0,1,0,0,0,0,0,0,0,0,0
556,54,0,1,0,0,0,0,0,1,1,0,0,0,0,0,0,0,0,0,0
557,54,0,0,0,1,0,0,0,1,0,0,0,0,1,0,0,0,0,0,0
558,54,1,1,0,1,0,0,1,2,0,3,0,0,0,0,0,0,0,0,0
559,54,0,0,1,1,0,0,1,1,0,2,0,0,0,0,0,0,0,0,0
560,54,0,1,0,0,0,0,0,1,0,0,0,1,0,0,0,0,0,0,0
561,55,1,2,0,1,0,0,1,3,0,4,0,0,0,0,0,0,0,0,0
562,55,1,1,0,0,0,0,1,1,0,2,0,0,0,0,0,0,0,0,0
563,57,0,1,0,1,0,0,0,2,2,0,0,0,0,0,0,0,0,0,0
564,57,0,1,0,0,0,0,0,1,0,0,0,0,1,0,0,0,0,0,0
565,57,0,1,0,0,0,0,0,1,0,1,0,0,0,0,0,0,0,0,0
566,57,1,1,2,2,0,0,3,3,6,0,0,0,0,0,0,0,0,0,0
567,57,1,1,0,1,0,0,1,2,3,0,0,0,0,0,0,0,0,0,0
568,57,0,1,0,0,0,0,0,1,0,0,0,0,1,0,0,0,0,0,0
569,57,0,0,0,1,0,0,0,1,0,0,0,0,0,1,0,0,0,0,0
570,57,1,0,0,0,0,0,1,0,0,0,0,0,1,0,0,0,0,0,0
571,57,0,1,0,0,0,0,0,1,0,0,0,1,0,0,0,0,0,0,0
572,57,0,1,0,0,0,0,0,1,0,0,0,1,0,0,0,0,0,0,0
573,57,0,1,0,0,0,0,0,1,0,1,0,0,0,0,0,0,0,0,0
574,57,1,1,0,0,0,0,1,1,0,0,0,2,0,0,0,0,0,0,0
575,57,0,1,0,0,0,0,0,1,0,0,0,0,1,0,0,0,0,0,0
576,57,1,1,0,1,0,0,1,2,3,0,0,0,0,0,0,0,0,0,0
577,57,0,1,0,0,0,0,0,1,0,1,0,0,0,0,0,0,0,0,0
578,57,0,1,0,0,0,0,0,1,0,1,0,0,0,0,0,0,0,0,0
579,57,0,1,0,0,0,0,0,1,0,1,0,0,0,0,0,0,0,0,0
580,57,0,1,0,0,0,0,0,1,0,1,0,0,0,0,0,0,0,0,0
581,57,1,0,0,0,0,0,1,0,0,0,0,0,1,0,0,0,0,0,0
582,57,1,0,0,0,0,0,1,0,0,1,0,0,0,0,0,0,0,0,0
583,57,1,0,0,0,0,0,1,0,0,1,0,0,0,0,0,0,0,0,0
584,57,1,1,4,0,0,0,5,1,0,0,0,0,6,0,0,0,0,0,0
585,57,0,1,0,0,0,0,0,1,0,0,0,0,1,0,0,0,0,0,0
586,57,0,2,0,0,0,0,0,2,0,0,0,0,2,0,0,0,0,0,0
587,57,0,2,0,0,0,0,0,2,0,0,0,0,2,0,0,0,0,0,0
588,57,0,2,0,0,0,0,0,2,0,0,0,0,2,0,0,0,0,0,0
589,57,0,2,0,0,0,0,0,2,0,0,0,0,2,0,0,0,0,0,0
590,57,0,2,0,0,0,0,0,2,0,0,0,0,2,0,0,0,0,0,0
591,57,0,2,0,0,0,0,0,2,0,0,0,0,2,0,0,0,0,0,0
592,57,0,2,0,0,0,0,0,2,0,0,0,0,2,0,0,0,0,0,0
593,57,0,2,0,0,0,0,0,2,0,0,0,0,2,0,0,0,0,0,0
594,57,0,2,0,0,0,0,0,2,0,0,0,0,2,0,0,0,0,0,0
595,57,0,2,0,0,0,0,0,2,0,0,0,0,2,0,0,0,0,0,0
596,57,0,2,0,0,0,0,0,2,0,0,0,0,2,0,0,0,0,0,0
597,57,0,2,0,0,0,0,0,2,0,0,0,0,2,0,0,0,0,0,0
598,57,0,2,0,0,0,0,0,2,0,0,0,0,2,0,0,0,0,0,0
599,57,0,2,0,0,0,0,0,2,0,0,0,0,2,0,0,0,0,0,0
600,57,0,2,0,0,0,0,0,2,0,0,0,0,2,0,0,0,0,0,0
601,57,0,2,0,0,0,0,0,2,0,0,0,0,2,0,0,0,0,0,0
602,57,2,0,0,0,0,0,2,0,0,0,0,0,2,0,0,0,0,0,0
603,57,1,0,1,0,0,0,2,0,0,0,0,2,0,0,0,0,0,0,0
604,57,0,1,0,0,0,0,0,1,0,1,0,0,0,0,0,0,0,0,0
605,57,0,1,0,0,0,0,0,1,0,1,0,0,0,0,0,0,0,0,0
606,58,0,1,0,0,0,0,0,1,0,0,0,0,1,0,0,0,0,0,0
607,58,1,0,0,0,0,0,1,0,0,1,0,0,0,0,0,0,0,0,0
608,58,1,1,0,0,0,0,1,1,2,0,0,0,0,0,0,0,0,0,0
609,58,0,1,0,0,0,0,0,1,0,0,0,0,1,0,0,0,0,0,0
610,59,1,1,2,1,0,0,3,2,5,0,0,0,0,0,0,0,0,0,0
611,59,0,1,0,0,0,0,0,1,0,0,0,0,1,0,0,0,0,0,0
612,59,1,0,1,1,0,0,2,1,3,0,0,0,0,0,0,0,0,0,0
613,59,0,1,0,0,0,0,0,1,0,0,0,0,1,0,0,0,0,0,0
614,59,1,1,1,0,0,0,2,1,0,3,0,0,0,0,0,0,0,0,0
615,59,0,2,0,1,0,0,0,3,0,3,0,0,0,0,0,0,0,0,0
616,59,0,1,0,0,0,0,0,1,0,0,0,0,1,0,0,0,0,0,0
617,59,1,0,0,0,0,0,1,0,0,1,0,0,0,0,0,0,0,0,0
618,59,0,0,0,1,0,0,0,1,0,0,0,0,0,1,0,0,0,0,0
619,59,0,1,0,0,0,0,0,1,0,0,0,0,0,1,0,0,0,0,0
620,59,1,1,0,0,0,0,1,1,2,0,0,0,0,0,0,0,0,0,0
621,59,1,1,1,2,0,0,2,3,5,0,0,0,0,0,0,0,0,0,0
622,59,0,1,0,0,0,0,0,1,0,0,0,0,1,0,0,0,0,0,0
623,59,0,1,0,0,0,0,0,1,0,0,0,0,1,0,0,0,0,0,0
624,59,0,2,0,0,0,0,0,2,2,0,0,0,0,0,0,2,0,0,0
625,59,0,1,0,0,0,0,0,1,0,0,0,0,1,0,0,0,0,0,0
626,59,1,0,0,0,0,0,1,0,1,0,0,0,0,0,0,0,0,0,0
627,59,1,1,0,0,0,0,1,1,0,2,0,0,0,0,0,0,0,0,0
628,60,0,3,0,0,0,0,0,3,0,3,0,0,0,0,0,0,0,0,0
629,60,1,0,0,0,0,0,1,0,0,1,0,0,0,0,0,0,0,0,0
630,60,0,1,0,1,0,0,0,2,1,0,0,0,1,0,0,0,0,0,0
631,60,0,1,0,0,0,0,0,1,0,1,0,0,0,0,0,0,0,0,0
632,60,0,1,0,0,0,0,0,1,0,0,0,0,1,0,0,0,0,0,0
633,60,0,2,0,0,0,0,0,2,1,0,0,0,1,0,0,0,0,0,0
634,60,1,2,0,0,0,0,1,2,2,0,0,0,1,0,0,0,0,0,0
635,60,1,1,1,1,0,0,2,2,4,0,0,0,0,0,0,0,0,0,0
636,60,0,1,0,0,0,0,0,1,0,0,0,0,1,0,0,0,0,0,0
637,60,1,1,2,1,0,0,3,2,0,0,0,0,5,0,0,0,0,0,0
638,60,1,1,0,1,0,0,1,2,3,0,0,0,0,0,0,0,0,0,0
639,60,0,1,0,0,0,0,0,1,0,1,0,0,0,0,0,0,0,0,0
640,60,1,1,0,0,0,0,1,1,0,1,0,0,1,0,0,0,0,0,0
641,60,0,1,2,2,0,0,2,3,5,0,0,0,0,0,0,0,0,0,0
642,60,0,1,2,2,0,0,2,3,5,0,0,0,0,0,0,0,0,0,0
643,60,0,1,0,0,0,0,0,1,0,1,0,0,0,0,0,0,0,0,0
644,60,1,0,0,0,0,0,1,0,0,1,0,0,0,0,0,0,0,0,0
645,60,1,0,0,0,0,0,1,0,0,1,0,0,0,0,0,0,0,0,1
646,60,1,1,0,0,0,0,1,1,0,0,0,0,2,0,0,0,0,0,0
647,60,1,0,0,0,0,0,1,0,1,0,0,0,0,0,0,0,0,0,0
648,60,1,0,0,0,0,0,1,0,0,0,0,0,1,0,0,0,0,0,0
649,61,3,1,0,1,0,0,3,2,3,2,0,0,0,0,0,0,0,0,0
650,61,0,4,0,0,0,0,0,4,3,0,0,0,1,0,0,0,3,0,0
651,61,1,3,0,2,0,0,1,5,6,0,0,0,0,0,0,0,0,0,0
652,61,0,3,0,0,0,0,0,3,0,0,0,0,3,0,0,0,0,0,0
653,61,1,1,4,1,0,0,5,2,0,0,0,7,0,0,0,0,0,0,0
654,61,2,3,0,0,0,0,2,3,5,0,0,0,0,0,0,0,0,0,0
655,61,0,0,1,0,0,0,1,0,0,1,0,0,0,0,0,0,0,0,0
656,61,0,0,1,0,0,0,1,0,0,1,0,0,0,0,0,0,0,0,0
657,61,0,0,1,0,0,0,1,0,0,1,0,0,0,0,0,0,0,0,0
658,61,1,2,0,0,0,0,1,2,0,2,0,0,1,0,0,0,0,0,0
659,61,0,1,0,0,0,0,0,1,0,0,0,0,0,1,0,0,0,0,0
660,61,0,1,0,0,0,0,0,1,0,0,0,0,1,0,0,0,0,0,0
661,61,0,1,0,0,0,0,0,1,0,0,0,1,0,0,0,0,0,0,0
662,61,1,1,1,1,0,0,2,2,4,0,0,0,0,0,0,0,0,0,0
663,61,1,0,0,0,0,0,1,0,0,0,0,0,1,0,0,0,0,0,0
664,63,1,1,1,1,0,0,2,2,0,0,0,0,4,0,0,0,0,0,0
665,63,0,2,0,0,0,0,0,2,0,1,0,1,0,0,0,0,0,0,0
666,63,1,1,1,0,0,0,2,1,0,0,0,0,3,0,0,0,0,0,0
667,64,0,1,0,0,0,0,0,1,0,1,0,0,0,0,0,0,0,0,0
668,64,1,1,1,0,0,0,2,1,3,0,0,0,0,0,0,0,0,0,0
669,64,0,1,0,0,0,0,0,1,0,0,0,0,1,0,0,0,0,0,0
670,64,1,1,0,1,0,0,1,2,3,0,0,0,0,0,0,0,0,0,0
671,64,0,2,0,0,0,0,0,2,0,0,0,0,2,0,0,0,0,0,0
672,64,1,1,2,1,0,0,3,2,0,5,0,0,0,0,0,0,0,0,0
673,64,2,3,1,1,0,0,3,4,6,0,0,0,1,0,0,0,0,0,0
674,64,1,1,1,2,0,0,2,3,5,0,0,0,0,0,0,0,0,0,0
675,64,0,1,0,0,0,0,0,1,0,0,0,0,1,0,0,0,0,0,0
676,64,1,1,1,1,0,0,2,2,4,0,0,0,0,0,0,0,0,0,0
677,64,0,2,0,0,0,0,0,2,0,0,0,0,2,0,0,0,0,0,0
678,64,0,3,0,1,0,0,0,4,3,0,0,0,1,0,0,0,0,0,0
679,64,0,2,0,0,0,0,0,2,0,2,0,0,0,0,0,0,0,0,0
680,64,0,1,0,0,0,0,0,1,0,0,0,0,1,0,0,0,0,0,0
681,64,0,1,0,0,0,0,0,1,0,1,0,0,0,0,0,0,0,0,0
682,64,0,1,0,0,0,0,0,1,0,1,0,0,0,0,0,0,0,0,0
683,64,1,1,0,0,0,0,1,1,2,0,0,0,0,0,0,0,0,0,0
684,64,0,1,0,0,0,0,0,1,1,0,0,0,0,0,0,1,0,0,0
685,64,1,1,0,0,0,0,1,1,2,0,0,0,0,0,0,0,0,0,0
686,64,0,1,0,0,0,0,0,1,0,0,0,1,0,0,0,0,0,0,0
687,64,1,0,0,0,0,0,1,0,0,0,0,1,0,0,0,0,0,0,0
688,64,0,1,0,0,0,0,0,1,0,0,0,1,0,0,0,0,0,0,0
689,64,0,0,1,0,0,0,1,0,0,0,0,1,0,0,0,0,0,0,0
690,64,0,1,0,0,0,0,0,1,1,0,0,0,0,0,0,0,0,0,0
691,64,1,1,0,0,0,0,1,1,0,2,0,0,0,0,0,0,0,0,0
692,64,0,1,0,0,0,0,0,1,0,0,0,0,0,1,0,0,0,0,0
693,64,1,0,0,0,0,0,1,0,1,0,0,0,0,0,0,0,0,0,0
694,64,1,1,1,1,0,0,2,2,0,4,0,0,0,0,0,0,0,0,0
695,64,0,1,0,0,0,0,0,1,0,1,0,0,0,0,0,0,0,0,0
696,64,0,1,0,0,0,0,0,1,0,1,0,0,0,0,0,0,0,0,0
697,64,0,2,0,0,0,0,0,2,0,1,0,0,1,0,0,0,0,0,0
698,64,1,0,0,0,0,0,1,0,1,0,0,0,0,0,0,0,0,0,0
699,64,1,1,0,2,0,0,1,3,4,0,0,0,0,0,0,0,0,0,0
700,64,0,1,0,0,0,0,0,1,0,0,0,0,1,0,0,0,0,0,0
701,64,0,1,0,0,0,0,0,1,0,0,0,0,1,0,0,0,0,0,0
702,64,1,1,1,1,0,0,2,2,4,0,0,0,0,0,0,0,0,0,0
703,64,0,1,0,0,0,0,0,1,0,0,0,0,1,0,0,0,0,0,0
704,64,0,2,0,0,0,0,0,2,0,1,0,0,0,1,0,0,0,0,0
705,64,0,1,0,0,0,0,0,1,0,1,0,0,0,0,0,0,0,0,0
706,64,0,1,0,0,0,0,0,1,0,0,1,0,0,0,0,0,0,0,0
707,64,1,0,0,0,0,0,1,0,1,0,0,0,0,0,0,0,0,0,0
708,64,1,0,0,0,0,0,1,0,1,0,0,0,0,0,0,0,0,0,0
709,64,0,0,1,0,0,0,1,0,0,0,0,0,1,0,0,0,0,0,0
710,64,0,1,0,0,0,0,0,1,0,0,1,0,0,0,0,0,0,0,0
711,64,0,1,0,0,0,0,0,1,1,0,0,0,0,0,0,0,0,0,0
712,64,1,1,0,2,0,0,1,3,0,4,0,0,0,0,0,0,0,0,0
713,64,1,1,1,0,0,0,2,1,0,0,0,3,0,0,0,0,0,0,0
714,64,0,0,0,1,0,0,0,1,0,0,0,0,1,0,0,0,0,0,0
715,64,0,1,0,0,0,0,0,1,0,1,0,0,0,0,0,0,0,0,0
716,64,0,1,0,0,0,0,0,1,0,0,0,0,0,1,0,0,0,0,0
717,64,1,1,0,0,0,0,1,1,0,0,0,0,2,0,0,0,0,0,0
718,64,1,1,3,4,0,0,4,5,0,0,0,0,9,0,0,0,0,0,0
719,65,0,1,0,1,0,0,0,2,2,0,0,0,0,0,0,0,0,0,0
720,65,0,1,0,0,0,0,0,1,0,0,0,0,1,0,0,0,0,0,0
721,65,1,1,0,0,0,0,1,1,2,0,0,0,0,0,0,0,0,0,0
722,65,0,1,0,0,0,0,0,1,0,0,0,0,0,1,0,0,0,0,0
723,65,1,1,0,0,0,0,1,1,2,0,0,0,0,0,0,0,0,0,0
724,65,1,0,0,0,0,0,1,0,0,1,0,0,0,0,0,0,0,0,0
725,65,0,1,0,1,0,0,0,2,2,0,0,0,0,0,0,0,0,0,0
726,65,0,1,0,0,0,0,0,1,0,0,0,0,1,0,0,0,0,0,0
727,65,1,1,1,1,0,0,2,2,0,0,0,4,0,0,0,0,0,0,0
728,65,0,1,0,0,0,0,0,1,0,1,0,0,0,0,0,0,0,0,0
729,65,1,1,0,0,0,0,1,1,0,0,0,0,0,2,0,0,0,0,0
730,65,1,1,0,0,0,0,1,1,2,0,0,0,0,0,0,0,0,0,0
731,65,0,1,0,1,0,0,0,2,0,0,0,0,2,0,0,0,0,0,0
732,65,0,0,0,1,0,0,0,1,1,0,0,0,0,0,0,0,0,0,0
733,65,0,1,0,0,0,0,0,1,0,1,0,0,0,0,0,0,0,0,0
734,65,1,0,0,0,0,0,1,0,0,1,0,0,0,0,0,0,0,0,0
735,65,1,2,0,0,0,0,1,2,2,0,0,0,1,0,0,0,0,0,0
736,65,1,0,0,0,0,0,1,0,1,0,0,0,0,0,0,0,0,0,0
737,65,0,1,0,0,0,0,0,1,0,1,0,0,0,0,0,0,0,0,0
738,65,0,1,0,0,0,0,0,1,0,0,0,0,1,0,0,0,0,0,0
739,65,1,1,1,0,0,0,2,1,0,3,0,0,0,0,0,0,0,0,0
740,65,1,1,1,1,0,0,2,2,0,0,0,4,0,0,0,0,0,0,0
741,65,1,0,0,3,0,0,1,3,0,0,0,4,0,0,0,0,0,0,0
742,65,1,0,0,0,0,0,1,0,1,0,0,0,0,0,0,0,0,0,0
743,65,1,1,0,3,0,0,1,4,0,0,0,0,5,0,0,0,0,0,0
744,65,0,1,0,0,0,0,0,1,0,0,0,0,0,1,0,0,0,0,0
745,65,1,0,0,0,0,0,1,0,0,0,0,1,0,0,0,0,0,0,0
746,65,0,1,0,0,0,0,0,1,0,0,0,1,0,0,0,0,0,0,0
747,65,1,1,0,0,0,0,1,1,2,0,0,0,0,0,0,2,0,0,0
748,65,1,1,3,2,0,0,4,3,0,0,0,7,0,0,0,0,0,0,0
749,66,1,1,1,1,0,0,2,2,0,0,0,0,4,0,0,0,0,0,0
750,66,0,1,0,0,0,0,0,1,0,0,0,1,0,0,0,0,0,0,0
751,66,1,0,0,0,0,0,1,0,0,0,0,1,0,0,0,0,0,0,1
752,66,1,1,3,1,0,0,4,2,0,0,0,6,0,0,0,0,0,0,0
753,66,1,1,0,1,0,0,1,2,0,0,0,3,0,0,0,0,0,0,0
754,66,0,1,0,0,0,0,0,1,0,0,0,1,0,0,0,0,0,0,0
755,66,1,1,0,0,0,0,1,1,0,0,0,2,0,0,0,1,0,0,0
756,67,1,1,2,0,0,0,3,1,4,0,0,0,0,0,0,0,0,0,0
757,67,0,1,0,0,0,0,0,1,0,0,0,0,1,0,0,0,0,0,0
758,67,0,1,0,0,0,0,0,1,1,0,0,0,0,0,0,0,0,0,0
759,67,0,1,0,2,0,0,0,3,0,0,0,0,3,0,0,0,0,0,0
760,67,0,1,0,0,0,0,0,1,0,0,0,1,0,0,0,0,0,0,0
761,67,0,1,0,0,0,0,0,1,0,0,0,1,0,0,0,0,0,0,0
762,67,1,0,0,0,0,0,1,0,0,1,0,0,0,0,0,0,0,0,0
763,67,1,0,0,0,0,0,1,0,0,0,0,1,0,0,0,0,0,0,0
764,67,1,1,0,0,0,0,1,1,0,2,0,0,0,0,0,0,0,0,0
765,67,0,1,0,0,0,0,0,1,1,0,0,0,0,0,0,0,0,0,0
766,67,1,0,0,0,0,0,1,0,0,1,0,0,0,0,0,0,0,0,0
767,67,0,1,0,0,0,0,0,1,0,0,0,1,0,0,0,0,0,0,0
768,67,0,1,0,0,0,0,0,1,0,0,0,0,1,0,0,0,0,0,0
769,67,1,1,0,1,0,0,1,2,3,0,0,0,0,0,0,0,0,0,0
770,67,1,1,0,3,0,0,1,4,5,0,0,0,0,0,0,0,0,0,0
771,67,0,1,0,0,0,0,0,1,0,0,0,0,1,0,0,0,0,0,0
772,67,1,1,0,1,0,0,1,2,3,0,0,0,0,0,0,0,0,0,0
773,67,0,0,0,1,0,0,0,1,0,0,0,0,0,1,0,0,0,0,0
774,67,0,1,0,0,0,0,0,1,0,0,0,0,1,0,0,0,0,0,0
775,67,0,1,0,0,0,0,0,1,0,0,0,0,1,0,0,0,0,0,0
776,67,0,1,0,0,0,0,0,1,0,1,0,0,0,0,0,0,0,0,0
777,67,0,1,0,0,0,0,0,1,0,0,0,1,0,0,0,0,0,0,0
778,67,0,4,0,0,0,0,0,4,0,0,0,0,4,0,0,0,0,0,0
779,67,0,1,1,0,0,0,0,1,0,0,0,0,1,0,0,0,0,0,0
780,67,0,1,0,0,0,0,0,1,0,0,0,0,1,0,0,0,0,0,0
781,67,0,1,0,0,0,0,0,1,0,0,0,0,1,0,0,0,0,0,0
782,67,0,1,0,0,0,0,0,1,0,0,0,0,1,0,0,0,0,0,0
783,67,0,1,0,0,0,0,0,1,0,0,0,0,1,0,0,0,0,0,0
784,67,0,0,1,0,0,0,1,0,0,0,0,0,1,0,0,0,0,0,0
785,67,0,1,0,0,0,0,0,1,0,0,0,0,1,0,0,0,0,0,0
786,67,0,1,0,0,0,0,0,1,0,0,0,0,1,0,0,0,0,0,0
787,68,1,1,2,0,0,0,3,1,4,0,0,0,0,0,0,0,0,0,0
788,68,0,0,0,1,0,0,0,1,0,0,0,0,1,0,0,0,0,0,0
789,68,0,3,0,0,0,0,0,3,3,0,0,0,0,0,0,0,0,0,0
790,68,1,1,1,0,0,0,2,1,0,3,0,0,0,0,0,0,0,0,0
791,69,0,1,0,0,0,0,0,1,0,1,0,0,0,0,0,0,0,0,0
792,69,1,1,1,3,0,0,2,4,0,6,0,0,0,0,0,0,0,0,0
793,69,0,1,0,0,0,0,0,1,0,1,0,0,0,0,0,0,0,0,0
794,69,1,3,2,1,0,0,3,4,6,0,0,0,1,0,0,0,0,0,0
795,69,1,0,0,0,0,0,1,0,1,0,0,0,0,0,0,0,0,0,0
796,69,0,1,0,0,0,0,0,1,1,0,0,0,0,0,0,0,0,0,0
797,69,1,2,0,0,0,0,1,2,2,0,0,0,1,0,0,0,0,0,0
798,69,1,1,1,0,0,0,2,1,3,0,0,0,0,0,0,0,0,0,0
799,69,0,2,0,0,0,0,0,2,0,0,0,0,2,0,0,0,0,0,0
800,69,0,0,0,1,0,0,0,1,0,0,0,0,0,1,0,0,0,0,0
801,69,0,1,0,0,0,0,0,1,1,0,0,0,0,0,0,0,0,0,0
802,69,0,1,0,0,0,0,0,1,0,1,0,0,0,0,0,0,0,0,0
803,69,0,1,0,0,0,0,0,1,0,1,0,0,0,0,0,0,0,0,0
804,69,1,0,0,0,0,0,1,0,1,0,0,0,0,0,0,0,0,0,0
805,69,1,1,2,0,0,0,3,1,0,4,0,0,0,0,0,0,0,0,0
806,69,0,1,0,0,0,0,0,1,0,1,0,0,0,0,0,0,0,0,0
807,69,1,1,2,1,0,0,3,2,0,5,0,0,0,0,0,0,0,0,0
808,69,0,1,0,0,0,0,0,1,0,1,0,0,0,0,0,0,0,0,0
809,69,1,2,1,0,0,0,2,2,0,0,0,4,0,0,0,0,0,0,0
810,69,0,1,0,0,0,0,0,1,1,0,0,0,0,0,0,0,0,0,0
811,69,0,1,0,0,0,0,0,1,0,1,0,0,0,0,0,0,0,0,0
812,69,0,0,0,1,0,0,0,1,0,1,0,0,0,0,0,0,0,0,0
813,69,0,0,1,0,0,0,1,0,0,1,0,0,0,0,0,0,0,0,0
814,69,1,1,0,0,0,0,1,1,2,0,0,0,0,0,0,0,0,0,0
815,69,0,1,0,0,0,0,0,1,1,0,0,0,0,0,0,0,0,0,0
816,70,2,2,3,3,0,0,5,5,9,0,0,0,1,0,0,0,0,0,1
817,70,1,1,2,1,0,0,3,2,5,0,0,0,0,0,0,0,0,0,0
818,70,0,2,0,0,0,0,0,2,0,0,0,0,2,0,0,0,0,0,0
819,70,1,1,2,1,0,0,3,2,5,0,0,0,0,0,0,0,0,0,0
820,70,0,2,0,0,0,0,0,2,0,0,0,0,2,0,0,0,0,0,0
821,70,1,1,2,1,0,0,3,2,5,0,0,0,0,0,0,0,0,0,0
822,70,0,0,0,1,0,0,0,1,0,0,0,0,1,0,0,0,0,0,0
823,70,0,1,0,0,0,0,0,1,0,0,0,1,0,0,0,0,0,0,0
824,70,0,1,0,0,0,0,0,1,0,0,0,1,0,0,0,0,0,0,0
825,70,0,0,0,1,0,0,0,1,1,0,0,0,0,0,0,0,0,0,0
826,70,1,1,0,0,0,0,1,1,0,2,0,0,0,0,0,0,0,0,0
827,70,0,0,0,1,0,0,0,1,0,0,0,0,1,0,0,0,0,0,0
828,70,1,1,2,1,0,0,3,2,0,5,0,0,0,0,0,0,0,0,0
829,70,1,1,1,0,0,0,2,1,3,0,0,0,0,0,0,0,0,0,0
830,70,0,1,0,0,0,0,0,1,0,0,0,0,1,0,0,0,0,0,0
831,70,0,1,0,0,0,0,0,1,1,0,0,0,0,0,0,0,0,0,0
832,70,0,2,1,0,0,0,1,2,0,0,0,0,0,3,0,0,0,0,0
833,70,0,1,0,0,0,0,0,1,0,1,0,0,0,0,0,0,0,0,0
834,70,0,1,1,0,0,0,1,1,0,0,0,2,0,0,0,0,0,0,0
835,70,0,1,0,0,0,0,0,1,0,0,0,0,0,1,0,0,0,0,0
836,70,1,1,0,0,0,0,1,1,0,0,0,2,0,0,0,0,0,0,0
837,70,0,1,0,0,0,0,0,1,0,0,0,0,0,1,0,0,0,0,0
838,70,1,0,0,0,0,0,1,0,0,1,0,0,0,0,0,0,0,0,0
839,70,0,1,0,0,0,0,0,1,1,0,0,0,0,0,0,0,0,0,0
840,70,1,1,0,0,0,0,1,1,0,2,0,0,0,0,0,0,0,0,0
841,70,0,1,0,0,0,0,0,1,0,1,0,0,0,0,0,0,0,0,0
842,70,1,1,2,1,0,0,3,2,0,0,0,5,0,0,0,0,0,0,0
843,70,2,1,2,3,0,0,4,4,8,0,0,0,0,0,0,0,0,0,1
844,70,0,1,0,0,0,0,0,1,0,0,0,0,1,0,0,0,0,0,0
845,70,0,0,0,1,0,0,0,1,0,0,0,0,0,1,0,0,0,0,0
846,70,0,0,0,1,0,0,0,1,0,0,0,0,1,0,0,0,0,0,0
847,71,1,0,0,0,0,0,1,0,1,0,0,0,0,0,0,0,0,0,0
848,71,1,0,0,0,0,0,1,0,0,0,0,1,0,0,0,0,0,0,0
849,71,1,0,0,0,0,0,1,0,0,0,0,1,0,0,0,0,0,0,0
850,71,0,1,0,0,0,0,0,1,0,0,0,0,1,0,0,0,0,0,0
851,71,0,1,0,0,0,0,0,1,0,0,0,0,0,1,0,0,0,0,0
852,71,0,1,0,0,0,0,0,1,0,0,0,0,1,0,0,0,0,0,0
853,71,1,0,0,0,0,0,1,0,0,1,0,0,0,0,0,1,0,0,0
854,71,2,1,0,0,0,0,2,1,3,0,0,0,0,0,0,3,0,0,0
855,72,1,1,0,0,0,0,1,1,0,2,0,0,0,0,0,0,0,0,0
856,72,1,1,1,0,0,0,2,1,3,0,0,0,0,0,0,0,0,0,0
857,72,0,3,0,1,0,0,0,4,0,0,0,0,4,0,0,0,0,0,0
858,72,1,0,0,2,0,0,1,2,3,0,0,0,0,0,0,0,0,0,0
859,72,0,1,0,0,0,0,0,1,0,0,0,0,1,0,0,0,0,0,0
860,72,2,5,1,1,0,0,3,6,7,0,0,0,2,0,0,0,0,0,0
861,72,0,1,0,0,0,0,0,1,1,0,0,0,0,0,0,0,0,0,0
862,72,0,1,0,1,0,0,0,2,0,0,0,0,2,0,0,0,0,0,0
863,72,0,0,0,1,0,0,0,1,1,0,0,0,0,0,0,0,0,0,0
864,72,0,2,1,0,0,0,1,2,0,0,0,0,0,3,0,0,0,0,0
865,72,0,1,0,0,0,0,0,1,0,1,0,0,0,0,0,0,0,0,0
866,72,0,1,0,0,0,0,0,1,0,1,0,0,0,0,0,0,0,0,0
867,72,0,1,0,0,0,0,0,1,0,1,0,0,0,0,0,0,0,0,0
868,72,1,0,0,0,0,0,1,0,0,1,0,0,0,0,0,0,0,0,0
869,72,0,1,0,0,0,0,0,1,0,1,0,0,0,0,0,0,0,0,0
870,72,0,1,2,0,0,0,2,1,0,0,0,0,0,3,0,0,0,0,0
871,72,1,0,0,0,0,0,1,0,0,1,0,0,0,0,0,0,0,0,0
872,72,0,1,0,0,0,0,0,1,0,0,0,1,0,0,0,0,0,0,0
873,72,0,1,0,0,0,0,0,1,0,0,0,0,1,0,0,0,0,0,0
874,72,0,1,0,0,0,0,0,1,0,0,0,0,1,0,0,0,0,0,0
875,72,1,0,0,0,0,0,1,0,1,0,0,0,0,0,0,0,0,0,0
876,72,1,1,1,1,0,0,2,2,0,0,0,4,0,0,0,0,0,0,0
877,72,1,0,0,0,0,0,1,0,0,0,0,1,0,0,0,0,0,0,0
878,72,0,1,0,0,0,0,0,1,0,0,0,0,1,0,0,0,0,0,0
879,72,1,0,0,0,0,0,1,0,1,0,0,0,0,0,0,0,0,0,0
880,72,0,1,0,0,0,0,0,1,0,0,0,0,1,0,0,0,0,0,0
881,73,2,1,2,0,0,0,4,1,0,5,0,0,0,0,0,0,0,0,0
882,73,1,1,0,0,0,0,1,1,2,0,0,0,0,0,0,0,0,0,0
883,74,0,1,1,0,0,0,1,1,2,0,0,0,0,0,0,0,0,0,0
884,74,0,1,0,0,0,0,0,1,0,0,0,0,1,0,0,0,0,0,0
885,74,1,1,1,1,0,0,2,2,4,0,0,0,0,0,0,0,0,0,0
886,74,0,1,0,1,0,0,0,2,0,0,0,0,2,0,0,0,0,0,0
887,74,0,0,0,1,0,0,0,1,0,0,0,0,0,1,0,0,0,0,0
888,74,1,0,0,0,0,0,1,0,1,0,0,0,0,0,0,0,0,0,0
889,74,1,1,0,1,0,0,1,2,3,0,0,0,0,0,0,0,0,0,0
890,74,0,1,0,0,0,0,0,1,0,0,0,0,1,0,0,0,0,0,0
891,74,0,1,0,1,0,0,0,2,2,0,0,0,0,0,0,0,0,0,0
892,74,0,1,0,0,0,0,0,1,0,0,0,0,1,0,0,0,0,0,0
893,74,1,1,1,1,0,0,2,2,4,0,0,0,0,0,0,0,0,0,0
894,74,0,2,0,0,0,0,0,2,0,0,0,0,2,0,0,0,0,0,0
895,74,0,1,1,1,0,0,1,1,0,0,0,0,0,2,0,0,0,0,0
896,74,0,1,0,0,0,0,0,1,0,0,0,1,0,0,0,0,0,0,0
897,74,0,1,0,1,0,0,0,2,0,0,0,0,0,2,0,0,0,0,0
898,74,0,0,0,1,0,0,0,1,0,0,0,0,0,1,0,0,0,0,0
899,74,1,0,0,0,0,0,1,0,0,1,0,0,0,0,0,0,0,0,0
900,74,1,0,0,0,0,0,1,0,0,1,0,0,0,0,0,0,0,0,0
901,74,1,0,0,0,0,0,1,0,0,1,0,0,0,0,0,0,0,0,0
902,74,1,0,0,0,0,0,1,0,0,1,0,0,0,0,0,0,0,0,0
903,74,0,1,0,0,0,0,0,1,0,0,0,0,1,0,0,0,0,0,0
904,74,0,0,0,1,0,0,0,1,0,0,0,1,0,0,0,0,0,0,0
905,74,1,0,0,1,0,0,1,1,0,2,0,0,0,0,0,0,0,0,0
906,74,0,1,0,0,0,0,0,1,0,0,0,0,1,0,0,0,0,0,0
907,74,1,1,1,0,0,0,2,1,0,0,0,3,0,0,0,0,0,0,0
908,74,0,1,0,0,0,0,0,1,0,0,0,1,0,0,0,0,0,0,0
909,74,0,1,0,0,0,0,0,1,0,1,0,0,0,0,0,0,0,0,0
910,75,1,2,2,0,0,0,3,2,5,0,0,0,0,0,0,0,0,0,0
911,75,0,3,0,0,0,0,0,3,0,0,0,0,3,0,0,0,0,0,0
912,75,0,1,0,0,0,0,0,1,0,1,0,0,0,0,0,0,0,0,0
913,75,1,1,2,2,0,0,3,3,6,0,0,0,0,0,0,0,0,0,0
914,76,1,1,2,0,0,0,3,1,4,0,0,0,0,0,0,0,0,0,0
915,76,1,1,0,0,0,0,1,1,2,0,0,0,0,0,0,0,0,0,0
916,76,0,1,0,0,0,0,0,1,0,1,0,0,0,0,0,0,0,0,0
917,77,0,2,0,0,0,0,0,2,1,0,0,0,1,0,0,0,0,0,0
918,77,0,1,0,0,0,0,0,1,0,1,0,0,0,0,0,0,0,0,0
919,77,1,1,2,1,0,0,3,2,5,0,0,0,0,0,0,0,0,0,0
920,77,0,1,0,0,0,0,0,1,0,0,0,0,1,0,0,0,0,0,0
921,77,1,1,2,1,0,0,3,2,5,0,0,0,0,0,0,0,0,0,0
922,79,1,1,2,1,0,0,3,2,0,5,0,0,0,0,0,0,0,0,0
923,79,0,1,0,0,0,0,0,1,0,1,0,0,0,0,0,0,0,0,0
924,79,0,1,0,0,0,0,0,1,1,0,0,0,0,0,0,0,0,0,0
925,79,0,1,0,0,0,0,0,1,0,1,0,0,0,0,0,0,0,0,0
926,79,1,0,0,0,0,0,1,0,0,1,0,0,0,0,0,0,0,0,0
927,79,0,1,0,0,0,0,0,1,0,1,0,0,0,0,0,0,0,0,0
928,79,2,2,0,3,0,0,2,5,7,0,0,0,0,0,0,0,0,0,0
929,79,0,2,0,1,0,0,0,3,0,0,0,0,3,0,0,0,0,0,0
930,79,0,1,0,2,0,0,0,3,0,0,0,0,3,0,0,0,0,0,0
931,79,0,1,0,0,0,0,0,1,0,0,0,1,0,0,0,0,0,0,0
932,79,1,0,0,0,0,0,1,0,1,0,0,0,0,0,0,0,0,0,0
933,79,0,1,0,0,0,0,0,1,0,1,0,0,0,0,0,0,0,0,0
934,79,0,1,0,0,0,0,0,1,0,0,0,0,1,0,0,0,0,0,0
935,80,1,2,0,0,0,0,1,2,3,0,0,0,0,0,0,0,0,0,0
936,80,0,2,0,0,0,0,0,2,0,0,0,0,2,0,0,0,0,0,0
937,80,0,0,1,1,0,0,1,1,0,0,0,0,2,0,0,0,0,0,0
938,81,1,1,0,1,0,0,1,2,3,0,0,0,0,0,0,0,0,0,0
939,81,0,1,0,1,0,0,0,2,0,0,0,0,2,0,0,0,0,0,0
940,81,0,1,0,0,0,0,0,1,0,1,0,0,0,0,0,0,0,0,0
941,81,0,1,0,0,0,0,0,1,0,0,0,0,1,0,0,0,0,0,0
942,81,0,3,0,0,0,0,0,3,0,3,0,0,0,0,0,3,0,0,0
943,81,0,0,0,1,0,0,0,1,0,0,0,0,1,0,0,0,0,0,0
944,81,1,0,1,0,0,0,2,0,2,0,0,0,0,0,0,0,0,0,0
945,81,1,1,0,0,0,0,1,1,0,0,0,2,0,0,0,0,0,0,0
946,82,0,0,0,1,0,0,0,1,1,0,0,0,0,0,0,1,0,0,0
947,82,0,1,0,0,0,0,0,1,1,0,0,0,0,0,0,1,0,0,0
948,82,1,0,0,0,0,0,1,0,0,1,0,0,0,0,0,0,0,0,0
949,82,1,0,0,0,0,0,1,0,0,0,0,1,0,0,0,0,0,0,0
950,82,1,0,0,0,0,0,1,0,0,0,0,1,0,0,0,0,0,0,0
951,82,0,1,0,0,0,0,0,1,0,0,0,0,1,0,0,0,0,0,0
952,83,1,2,0,3,0,0,1,5,6,0,0,0,0,0,0,0,0,0,0
953,83,1,0,0,0,0,0,1,0,0,1,0,0,0,0,0,0,0,0,0
954,83,1,0,0,0,0,0,1,0,0,0,0,0,1,0,0,0,0,0,0
955,83,1,1,0,3,0,0,1,4,4,0,0,0,1,0,0,0,0,0,0
956,85,0,1,0,0,0,0,0,1,0,1,0,0,0,0,0,0,0,0,0
957,85,0,1,0,0,0,0,0,1,0,1,0,0,0,0,0,0,0,0,0
958,85,0,1,0,0,0,0,0,1,0,1,0,0,0,0,0,0,0,0,0
959,85,1,0,0,0,0,0,1,0,0,0,0,1,0,0,0,0,0,0,0
960,85,1,0,0,0,0,0,1,0,0,0,0,1,0,0,0,0,0,0,0
961,85,1,0,0,0,0,0,1,0,0,0,0,1,0,0,0,0,0,0,0
962,85,0,1,2,1,0,0,2,2,0,0,0,3,1,0,0,0,0,0,0
963,85,0,1,0,0,0,0,0,1,0,0,0,0,1,0,0,0,0,0,0
964,85,0,1,0,0,0,0,0,1,0,0,0,0,1,0,0,0,0,0,0
965,85,0,1,2,0,0,0,2,1,0,0,0,3,0,0,0,0,0,0,0
966,85,0,1,0,0,0,0,0,1,0,0,0,1,0,0,0,0,0,0,0
967,85,0,1,0,0,0,0,0,1,0,0,0,1,0,0,0,0,0,0,0
968,85,1,1,0,0,0,0,1,1,0,2,0,0,0,0,0,0,0,0,0
969,85,1,0,0,0,0,0,1,0,1,0,0,0,0,0,0,0,0,0,0
970,85,0,2,0,0,0,0,0,2,1,0,0,0,1,0,0,0,0,0,0
971,85,0,2,0,0,0,0,0,2,0,0,0,0,2,0,0,0,0,0,0
972,85,0,0,1,0,0,0,1,0,0,0,0,0,1,0,0,0,0,0,0
973,85,0,1,0,0,0,0,0,1,0,1,0,0,0,0,0,0,0,0,0
974,86,0,2,0,0,0,0,0,2,1,0,0,0,1,0,0,0,0,0,0
975,86,1,0,0,0,0,0,1,0,1,0,0,0,0,0,0,0,0,0,0
976,86,0,1,0,0,0,0,0,1,0,1,0,0,0,0,0,0,0,0,0
977,86,0,1,0,1,0,0,0,2,2,0,0,0,0,0,0,0,0,0,0
978,86,0,1,0,0,0,0,0,1,0,0,0,1,0,0,0,0,0,0,0
979,87,0,1,1,0,0,0,1,1,2,0,0,0,0,0,0,0,0,0,0
980,87,0,0,0,1,0,0,0,1,0,0,0,0,1,0,0,0,0,0,0
981,87,0,1,0,0,0,0,0,1,0,1,0,0,0,0,0,0,0,0,0
982,87,1,0,0,0,0,0,1,0,0,0,0,1,0,0,0,0,0,0,0
983,87,1,0,0,0,0,0,1,0,0,1,0,0,0,0,0,0,0,0,0
984,87,0,1,0,0,0,0,0,1,0,1,0,0,0,0,0,0,0,0,0
985,87,0,1,0,0,0,0,0,1,0,1,0,0,0,0,0,0,0,0,0
986,87,0,1,0,0,0,0,0,1,0,1,0,0,0,0,0,0,0,0,0
987,87,0,1,0,0,0,0,0,1,0,1,0,0,0,0,0,0,0,0,0
988,87,1,1,2,1,0,0,3,2,5,0,0,0,0,0,0,0,0,0,0
989,88,1,1,1,1,0,0,2,2,4,0,0,0,0,0,0,3,0,0,0
990,88,0,1,0,0,0,0,0,1,0,0,0,0,1,0,0,0,0,0,0
991,88,1,1,2,2,0,0,3,3,6,0,0,0,0,0,0,0,0,0,0
992,89,0,1,1,0,0,0,1,1,2,0,0,0,0,0,0,0,0,0,0
993,89,0,1,0,0,0,0,0,1,0,0,0,0,1,0,0,0,0,0,0
994,89,0,2,0,0,0,0,0,2,0,2,0,0,0,0,0,0,0,0,0
995,89,0,1,0,0,0,0,0,1,0,0,0,0,1,0,0,0,0,0,0
996,89,1,1,0,0,0,0,1,1,1,1,0,0,0,0,0,0,0,0,0
997,89,0,1,0,0,0,0,0,1,0,0,0,0,1,0,0,0,0,0,0
998,89,1,3,4,3,0,0,5,6,0,11,0,0,0,0,0,0,0,0,0
999,89,1,0,0,0,0,0,1,0,0,0,0,0,1,0,0,0,0,0,0
1000,89,0,1,0,0,0,0,0,1,0,0,0,0,1,0,0,0,0,0,0
1001,89,1,1,0,0,0,0,1,1,2,0,0,0,0,0,0,0,0,0,0
1002,89,1,1,0,0,0,0,1,1,0,2,0,0,0,0,0,0,0,0,0
1003,89,0,1,0,0,0,0,0,1,0,1,0,0,0,0,0,0,0,0,0
1004,89,0,1,0,0,0,0,0,1,0,1,0,0,0,0,0,0,0,0,0
1005,90,1,1,0,0,0,0,1,1,2,0,0,0,0,0,0,0,0,0,0
1006,90,0,1,0,0,0,0,0,1,0,0,0,0,1,0,0,0,0,0,0
1007,90,0,2,0,0,0,0,0,2,0,2,0,0,0,0,0,0,0,0,0
1008,90,1,1,1,2,0,0,2,3,0,0,0,0,5,0,0,0,0,0,0
1009,90,0,1,0,1,0,0,0,2,0,2,0,0,0,0,0,0,0,0,0
1010,92,0,2,3,1,0,0,3,3,0,0,0,6,0,0,0,0,0,0,0
1011,92,0,1,0,0,0,0,0,1,0,0,0,1,0,0,0,0,0,0,0
1012,92,0,1,0,0,0,0,0,1,0,1,0,0,0,0,0,0,0,0,0
1013,93,1,1,0,1,0,0,1,2,3,0,0,0,0,0,0,0,0,0,0
1014,93,0,2,0,0,0,0,0,2,0,0,0,0,2,0,0,0,0,0,0
1015,93,0,1,0,0,0,0,0,1,0,0,0,1,0,0,0,0,0,0,0
1016,93,1,1,2,0,0,0,3,1,0,0,0,4,0,0,0,0,0,0,0
1017,93,0,2,4,1,0,0,4,3,0,7,0,0,0,0,0,0,0,0,0
1018,93,1,0,0,0,0,0,1,0,0,1,0,0,0,0,0,0,0,0,1
1019,93,0,1,0,0,0,0,0,1,0,0,0,0,1,0,0,0,0,0,0
1020,93,0,1,0,1,0,0,0,2,2,0,0,0,0,0,0,2,0,0,0
1021,93,1,0,0,0,0,0,1,0,0,1,0,0,0,0,0,0,0,0,0
1022,93,1,1,0,0,0,0,1,1,0,2,0,0,0,0,0,0,0,0,0
1023,93,1,1,0,0,0,0,1,1,2,0,0,0,0,0,0,0,0,0,0
1024,93,0,0,0,1,0,0,0,1,0,0,0,0,0,1,0,0,0,0,0
1025,94,0,0,0,1,0,0,0,1,1,0,0,0,0,0,0,1,0,0,0
1026,94,0,2,0,0,0,0,0,2,0,0,0,0,2,0,0,0,0,0,0
1027,94,0,1,0,0,0,0,0,1,1,0,0,0,0,0,0,1,0,0,0
1028,94,0,1,0,0,0,0,0,1,1,0,0,0,0,0,0,1,0,0,0
1029,94,1,0,0,0,0,0,1,0,1,0,0,0,0,0,0,1,0,0,0
1030,94,0,0,0,1,0,0,0,1,0,0,0,0,0,1,0,0,0,0,0
1031,94,0,1,0,0,0,0,0,1,0,0,0,0,1,0,0,0,0,0,0
1032,94,0,1,0,0,0,0,0,1,0,0,0,0,1,0,0,0,0,0,0
1033,94,0,1,0,0,0,0,0,1,0,0,0,0,1,0,0,0,0,0,0
1034,94,1,1,0,0,0,0,1,1,2,0,0,0,0,0,0,0,0,0,0
1035,94,0,1,0,0,0,0,0,1,0,0,0,0,1,0,0,0,0,0,0
1036,94,1,1,2,1,0,0,3,2,0,5,0,0,0,0,0,0,0,0,0
1037,94,0,0,0,1,0,0,0,1,0,0,0,0,0,1,0,0,0,0,0
1038,94,1,1,0,1,0,0,1,2,0,0,0,3,0,0,0,0,0,0,0
1039,94,1,0,0,0,0,0,1,0,0,0,0,1,0,0,0,0,0,0,0
1040,94,1,1,2,0,0,0,3,1,0,0,0,4,0,0,0,0,0,0,0
1041,94,0,1,0,0,0,0,0,1,0,0,0,1,0,0,0,0,0,0,0
1042,94,0,1,0,0,0,0,0,1,0,1,0,0,0,0,0,1,0,0,0
1043,94,1,1,0,0,0,0,1,1,0,0,0,2,0,0,0,0,0,0,0
1044,94,1,1,3,2,0,0,4,3,0,0,0,0,7,0,0,0,0,0,0
1045,96,1,1,1,0,0,0,2,1,3,0,0,0,0,0,0,0,0,0,0
1046,96,0,1,0,0,0,0,0,1,0,0,0,0,1,0,0,0,0,0,0
1047,96,0,1,0,0,0,0,0,1,1,0,0,0,0,0,0,0,0,0,0
1048,96,0,1,1,1,0,0,1,2,0,0,0,0,0,3,0,0,0,0,0
1049,96,1,0,0,0,0,0,1,0,0,1,0,0,0,0,0,0,0,0,0
1050,96,1,0,0,0,0,0,1,0,0,1,0,0,0,0,0,0,0,0,0
1051,97,0,1,0,0,0,0,0,1,0,1,0,0,0,0,0,0,0,0,0
1052,97,0,0,0,1,0,0,0,1,0,0,0,0,0,1,0,0,0,0,0
1053,97,0,1,0,0,0,0,0,1,0,1,0,0,0,0,0,0,0,0,0
1054,97,1,1,0,0,0,0,1,1,0,2,0,0,0,0,0,0,0,0,0
1055,97,1,0,0,0,0,0,1,0,0,1,0,0,0,0,0,0,0,0,0
1056,97,1,1,1,0,0,0,2,1,0,3,0,0,0,0,0,0,0,0,0
1057,97,0,1,0,0,0,0,0,1,1,0,0,0,0,0,0,0,0,0,0
1058,99,1,2,0,0,0,0,1,2,3,0,0,0,0,0,0,0,0,0,0
1059,99,0,1,0,0,0,0,0,1,0,1,0,0,0,0,0,0,0,0,0
1060,99,0,0,0,1,0,0,0,1,0,0,0,0,1,0,0,0,0,0,0
1061,99,0,0,1,0,0,0,1,0,0,0,0,0,0,1,0,0,0,0,0
1062,99,1,1,2,0,0,0,3,1,0,0,0,4,0,0,0,0,0,0,0
1063,99,1,0,0,0,0,0,1,0,0,0,0,0,1,0,0,0,0,0,0
1064,99,1,0,0,0,0,0,1,0,0,0,0,0,1,0,0,0,0,0,0
1065,99,1,0,0,0,0,0,1,0,0,0,0,1,0,0,0,0,0,0,0
1066,102,1,1,1,3,0,0,2,4,6,0,0,0,0,0,0,0,0,0,0
1067,102,1,1,0,0,0,0,1,1,0,2,0,0,0,0,0,0,0,0,0
1068,102,0,1,0,0,0,0,0,1,0,0,0,0,1,0,0,0,0,0,0
1069,102,1,2,1,3,0,0,2,5,7,0,0,0,0,0,0,0,0,0,0
1070,102,1,1,1,1,0,0,2,2,0,4,0,0,0,0,0,0,0,0,0
1071,102,1,0,0,0,0,0,1,0,0,1,0,0,0,0,0,0,0,0,0
1072,102,1,1,0,0,0,0,1,1,2,0,0,0,0,0,0,0,0,0,0
1073,102,0,1,0,1,0,0,0,2,0,0,0,0,0,2,0,0,0,0,0
1074,102,0,1,1,0,0,0,1,1,0,0,0,0,0,2,0,0,0,0,0
1075,102,1,0,0,0,0,0,1,0,0,1,0,0,0,0,0,0,0,0,0
1076,102,0,1,0,0,0,0,0,1,1,0,0,0,0,0,0,0,0,0,0
1077,102,1,0,0,0,0,0,1,0,0,1,0,0,0,0,0,0,0,0,0
1078,102,1,0,0,0,0,0,1,0,0,1,0,0,0,0,0,0,0,0,0
1079,102,1,0,0,0,0,0,1,0,0,0,0,1,0,0,0,0,0,0,0
1080,102,0,1,0,0,0,0,0,1,0,0,0,0,1,0,0,0,0,0,0
1081,102,1,1,1,2,0,0,2,3,0,5,0,0,0,0,0,0,0,0,0
1082,102,1,1,0,1,0,0,1,2,0,0,0,3,0,0,0,0,0,0,0
1083,102,0,0,0,1,0,0,0,1,0,0,0,0,0,1,0,0,0,0,0
1084,102,0,1,0,0,0,0,0,1,0,1,0,0,0,0,0,0,0,0,0
1085,102,1,1,0,1,0,0,1,2,3,0,0,0,0,0,0,0,0,0,0
1086,102,1,0,0,0,0,0,1,0,0,0,0,0,1,0,0,0,0,0,0
1087,104,1,1,0,0,0,0,1,1,0,2,0,0,0,0,0,0,0,0,0
1088,104,0,1,1,0,0,0,1,1,0,0,0,0,0,2,0,0,0,0,0
1089,104,0,1,0,0,0,0,0,1,0,1,0,0,0,0,0,0,0,0,0
1090,104,1,1,1,0,0,0,2,1,3,0,0,0,0,0,0,0,0,0,0
1091,104,2,2,0,0,0,0,2,2,4,0,0,0,0,0,0,0,0,0,0
1092,104,0,1,0,0,0,0,0,1,0,1,0,0,0,0,0,0,0,0,0
1093,104,1,1,2,1,0,0,3,2,0,5,0,0,0,0,0,0,0,0,0
1094,104,0,1,0,1,0,0,0,2,2,0,0,0,0,0,0,0,0,0,0
1095,104,1,1,1,3,0,0,2,4,0,0,0,0,6,0,0,0,0,0,0
1096,104,0,1,0,0,0,0,0,1,0,0,0,1,0,0,0,0,0,0,0
1097,104,1,0,0,0,0,0,1,0,0,1,0,0,0,0,0,0,0,0,0
1098,104,0,1,0,0,0,0,0,1,0,0,0,1,0,0,0,0,0,0,0
1099,104,0,0,0,1,0,0,0,1,0,0,0,0,0,1,0,0,0,0,0
1100,104,0,0,0,1,0,0,0,1,0,0,0,0,0,1,0,0,0,0,0
1101,104,1,1,1,4,0,0,2,5,0,0,0,7,0,0,0,0,0,0,0
1102,104,0,2,0,0,0,0,0,2,0,0,0,2,0,0,0,0,0,0,0
1103,106,1,3,0,0,0,0,1,3,4,0,0,0,0,0,0,4,0,0,0
1104,106,0,1,0,0,0,0,0,1,0,1,0,0,0,0,0,0,0,0,0
1105,106,1,1,1,0,0,0,2,1,0,3,0,0,0,0,0,0,0,0,0
1106,106,0,1,1,0,0,0,1,1,0,0,0,2,0,0,0,0,0,0,0
1107,106,1,1,0,1,0,0,1,2,0,3,0,0,0,0,0,0,0,0,0
1108,106,1,2,3,1,0,0,4,3,0,0,0,7,0,0,0,0,0,0,0
1109,106,1,1,0,0,0,0,1,1,0,0,0,2,0,0,0,0,0,0,0
1110,106,1,0,0,0,0,0,1,0,0,1,0,0,0,0,0,0,0,0,0
1111,106,1,0,0,0,0,0,1,0,0,0,0,1,0,0,0,0,0,0,0
1112,106,1,0,0,0,0,0,1,0,0,0,0,1,0,0,0,0,0,0,0
1113,106,0,1,0,0,0,0,0,1,0,0,0,0,1,0,0,0,0,0,0
1114,108,1,3,0,0,0,0,1,3,4,0,0,0,0,0,0,0,0,0,0
1115,108,0,1,0,1,0,0,0,2,0,0,0,0,2,0,0,0,0,0,0
1116,108,0,1,5,3,0,0,5,4,9,0,0,0,0,0,0,0,0,0,0
1117,108,0,1,0,0,0,0,0,1,0,0,0,0,1,0,0,0,0,0,0
1118,108,1,0,0,0,0,0,1,0,1,0,0,0,0,0,0,0,0,0,0
1119,108,1,1,1,3,0,0,2,4,6,0,0,0,0,0,0,0,0,0,0
1120,108,0,1,0,0,0,0,0,1,0,1,0,0,0,0,0,0,0,0,0
1121,108,1,1,1,1,0,0,2,2,0,4,0,0,0,0,0,0,0,0,0
1122,108,0,0,0,1,0,0,0,1,0,0,0,0,1,0,0,0,0,0,0
1123,108,1,1,1,0,0,0,2,1,0,0,3,0,0,0,0,0,0,0,0
1124,108,1,1,2,1,0,0,3,2,0,5,0,0,0,0,0,0,0,0,0
1125,108,0,1,0,0,0,0,0,1,0,0,0,0,1,0,0,0,0,0,0
1126,108,1,0,0,0,0,0,1,0,1,0,0,0,0,0,0,0,0,0,0
1127,108,1,1,0,0,0,0,1,1,2,0,0,0,0,0,0,0,0,0,0
1128,108,0,0,0,1,0,0,0,1,1,0,0,0,0,0,0,0,0,0,0
1129,108,0,3,0,0,0,0,0,3,3,0,0,0,0,0,0,0,0,0,0
1130,108,1,0,0,0,0,0,1,0,0,1,0,0,0,0,0,0,0,0,0
1131,108,0,1,0,0,0,0,0,1,0,0,0,1,0,0,0,0,0,0,0
1132,108,1,0,0,0,0,0,1,0,0,0,0,1,0,0,0,0,0,0,0
1133,108,0,1,2,1,0,0,2,2,0,0,0,4,0,0,0,0,0,0,0
1134,108,1,0,0,0,0,0,1,0,0,0,0,1,0,0,0,0,0,0,1
1135,108,1,0,0,0,0,0,1,0,0,1,0,0,0,0,0,0,0,0,0
1136,108,1,0,0,0,0,0,1,0,0,1,0,0,0,0,0,0,0,0,0
1137,108,1,0,0,0,0,0,1,0,0,1,0,0,0,0,0,0,0,0,0
1138,108,1,0,0,0,0,0,1,0,0,1,0,0,0,0,0,0,0,0,0
1139,108,1,0,0,0,0,0,1,0,0,1,0,0,0,0,0,1,0,0,0
1140,109,0,3,0,0,0,0,0,3,3,0,0,0,0,0,0,0,0,0,0
1141,109,0,2,0,0,0,0,0,2,0,0,0,0,2,0,0,0,0,0,0
1142,109,1,0,0,0,0,0,1,0,1,0,0,0,0,0,0,0,0,0,0
1143,109,1,0,0,0,0,0,1,0,0,0,0,0,1,0,0,0,0,0,0
1144,109,0,1,0,1,0,0,0,2,1,0,0,0,0,1,0,0,0,0,0
1145,109,0,2,0,0,0,0,0,2,0,0,0,0,2,0,0,0,0,0,0
1146,109,1,1,0,1,0,0,1,2,3,0,0,0,0,0,0,0,0,0,0
1147,110,0,1,2,3,0,0,2,4,6,0,0,0,0,0,0,0,0,0,0
1148,110,1,1,1,2,0,0,2,3,0,0,0,5,0,0,0,0,0,0,0
1149,111,2,3,4,1,0,0,6,4,10,0,0,0,0,0,0,10,0,0,1
1150,111,0,1,0,0,0,0,0,1,0,0,0,0,1,0,0,1,0,0,0
1151,111,0,1,0,1,0,0,0,2,0,0,0,0,2,0,0,0,0,0,0
1152,111,1,1,0,1,0,0,1,2,0,0,0,3,0,0,0,0,0,0,0
1153,111,0,1,2,0,0,0,2,1,0,0,0,3,0,0,0,0,0,0,0
1154,111,1,1,1,1,0,0,2,2,0,0,0,4,0,0,0,0,0,0,0
1155,111,0,1,0,0,0,0,0,1,0,1,0,0,0,0,0,1,0,0,0
1156,113,1,1,1,3,0,0,2,4,6,0,0,0,0,0,0,0,0,0,0
1157,113,0,1,0,1,0,0,0,2,0,0,0,0,2,0,0,0,0,0,0
1158,113,1,1,0,0,0,0,1,1,0,0,0,0,2,0,0,0,0,0,0
1159,113,0,1,0,0,0,0,0,1,0,1,0,0,0,0,0,0,0,0,0
1160,114,1,1,1,3,0,0,2,4,6,0,0,0,0,0,0,0,0,0,0
1161,114,0,2,0,0,0,0,0,2,0,0,0,0,2,0,0,0,0,0,0
1162,114,0,0,1,1,0,0,1,1,2,0,0,0,0,0,0,0,0,0,0
1163,114,0,1,0,0,0,0,0,1,0,1,0,0,0,0,0,0,0,0,0
1164,114,0,1,0,0,0,0,0,1,0,0,0,0,1,0,0,0,0,0,0
1165,114,1,1,2,0,0,0,3,1,4,0,0,0,0,0,0,0,0,0,0
1166,114,0,1,0,0,0,0,0,1,0,0,0,0,1,0,0,0,0,0,0
1167,114,0,1,0,0,0,0,0,1,1,0,0,0,0,0,0,0,0,0,0
1168,114,0,1,0,0,0,0,0,1,1,0,0,0,0,0,0,0,0,0,0
1169,114,0,1,0,0,0,0,0,1,0,0,0,0,1,0,0,0,0,0,0
1170,114,1,2,0,1,0,0,1,3,4,0,0,0,0,0,0,0,0,0,0
1171,114,1,1,0,3,0,0,1,4,5,0,0,0,0,0,0,0,0,5,0
1172,114,0,1,0,0,0,0,0,1,0,0,0,0,1,0,0,0,0,0,0
1173,114,1,1,0,0,0,0,1,1,2,0,0,0,0,0,0,0,0,0,0
1174,114,0,1,0,0,0,0,0,1,0,0,0,1,0,0,0,0,0,0,0
1175,114,1,0,0,0,0,0,1,0,0,0,0,1,0,0,0,0,0,0,0
1176,114,0,1,0,0,0,0,0,1,0,0,0,1,0,0,0,0,0,0,0
1177,114,0,1,0,0,0,0,0,1,0,0,0,0,1,0,0,0,0,0,0
1178,114,0,1,0,1,0,0,0,2,0,0,0,0,2,0,0,0,0,0,0
1179,114,1,0,0,0,0,0,1,0,0,0,0,0,1,0,0,0,0,0,0
1180,114,1,0,0,0,0,0,1,0,0,1,0,0,0,0,0,0,0,0,0
1181,114,1,1,0,0,0,0,1,1,0,2,0,0,0,0,0,0,0,2,0
1182,116,1,1,1,0,0,0,2,1,0,3,0,0,0,0,0,0,0,0,0
1183,116,1,3,0,0,0,0,1,3,0,4,0,0,0,0,0,0,0,0,0
1184,116,0,1,0,0,0,0,0,1,0,1,0,0,0,0,0,0,0,0,0
1185,116,0,1,0,0,0,0,0,1,0,1,0,0,0,0,0,0,0,0,0
1186,116,0,1,0,0,0,0,0,1,0,1,0,0,0,0,0,0,0,0,0
1187,116,0,1,0,0,0,0,0,1,0,1,0,0,0,0,0,0,0,0,0
1188,116,3,1,1,0,0,0,4,1,0,5,0,0,0,0,0,0,0,0,1
1189,116,0,1,0,0,0,0,0,1,0,1,0,0,0,0,0,0,0,0,0
1190,116,0,2,0,0,0,0,0,2,0,0,0,0,0,2,0,0,0,0,0
1191,116,0,1,0,0,0,0,0,1,0,0,0,0,0,1,0,0,0,0,0
1192,117,1,1,1,0,0,0,2,1,3,0,0,0,0,0,0,0,0,0,0
1193,117,0,1,0,0,0,0,0,1,0,1,0,0,0,0,0,0,0,0,0
1194,117,0,1,0,0,0,0,0,1,0,1,0,0,0,0,0,0,0,0,0
1195,117,1,0,0,1,0,0,1,1,0,0,0,2,0,0,0,0,0,0,0
1196,117,0,1,0,0,0,0,0,1,0,1,0,0,0,0,0,0,0,0,0
1197,117,0,2,0,0,0,0,0,2,0,0,0,0,2,0,0,0,0,0,0
1198,117,0,1,0,1,0,0,0,2,0,0,0,0,2,0,0,0,0,0,0
1199,117,0,1,0,1,0,0,0,2,0,0,0,0,2,0,0,0,0,0,0
1200,117,0,2,0,0,0,0,0,2,0,0,0,0,2,0,0,0,0,0,0
1201,117,0,2,0,0,0,0,0,2,0,0,0,0,2,0,0,0,0,0,0
1202,117,0,2,0,0,0,0,0,2,0,0,0,0,2,0,0,0,0,0,0
1203,117,0,3,0,0,0,0,0,3,0,0,0,0,3,0,0,0,0,0,0
1204,117,1,0,0,0,0,0,1,0,0,0,0,0,1,0,0,0,0,0,0
1205,117,0,0,1,0,0,0,1,0,0,0,0,0,1,0,0,0,0,0,0
1206,117,0,0,1,0,0,0,1,0,0,0,0,0,1,0,0,0,0,0,0
1207,117,0,1,0,0,0,0,0,1,0,0,0,0,0,1,0,0,0,0,0
1208,117,0,1,0,0,0,0,0,1,0,0,0,0,1,0,0,0,0,0,0
1209,117,0,1,0,0,0,0,0,1,0,0,0,0,0,1,0,0,0,0,0
1210,117,0,1,0,0,0,0,0,1,0,0,0,0,0,1,0,0,0,0,0
1211,118,1,1,1,0,0,0,2,1,3,0,0,0,0,0,0,2,0,0,0
1212,118,0,1,0,0,0,0,0,1,1,0,0,0,0,0,0,0,0,0,0
1213,118,1,1,1,2,0,0,2,3,0,5,0,0,0,0,0,0,0,0,0
1214,118,0,0,1,1,0,0,1,1,1,0,0,0,0,1,0,0,0,0,0
1215,118,0,1,0,0,0,0,0,1,1,0,0,0,0,0,0,0,0,0,0
1216,118,1,2,4,2,0,0,5,4,0,0,0,0,9,0,0,0,0,0,0
1217,118,1,2,1,0,0,0,2,2,0,4,0,0,0,0,0,0,0,0,0
1218,118,0,1,0,0,0,0,0,1,0,1,0,0,0,0,0,0,0,0,0
1219,118,1,1,1,1,0,0,2,2,0,0,0,4,0,0,0,0,0,0,0
1220,118,1,1,0,0,0,0,1,1,0,2,0,0,0,0,0,0,0,0,0
1221,118,0,0,1,0,0,0,1,0,0,1,0,0,0,0,0,0,0,0,0
1222,118,0,1,0,0,0,0,0,1,0,1,0,0,0,0,0,0,0,0,0
1223,118,0,0,0,1,0,0,0,1,0,0,0,0,0,1,0,0,0,0,0
1224,119,1,1,0,1,0,0,1,2,3,0,0,0,0,0,0,0,0,0,0
1225,119,0,0,1,0,0,0,1,0,0,1,0,0,0,0,0,0,0,0,0
1226,119,1,0,0,0,0,0,1,0,0,0,0,0,1,0,0,0,0,0,0
1227,119,0,1,0,0,0,0,0,1,0,0,0,1,0,0,0,0,0,0,0
1228,119,1,0,0,0,0,0,1,0,0,0,0,1,0,0,0,0,0,0,0
1229,120,0,0,0,1,0,0,0,1,1,0,0,0,0,0,0,0,0,0,0
1230,120,0,1,0,0,0,0,0,1,0,1,0,0,0,0,0,0,0,0,0
1231,120,0,1,0,0,0,0,0,1,1,0,0,0,0,0,0,0,0,0,0
1232,120,1,0,0,0,0,0,1,0,0,1,0,0,0,0,0,0,0,0,0
1233,120,1,1,3,2,0,0,4,3,7,0,0,0,0,0,0,0,0,0,0
1234,120,0,1,0,0,0,0,0,1,0,0,0,0,1,0,0,0,0,0,0
1235,120,1,1,0,2,0,0,1,3,4,0,0,0,0,0,0,0,0,0,0
1236,120,0,1,0,0,0,0,0,1,0,0,0,0,1,0,0,0,0,0,0
1237,120,1,1,0,1,0,0,1,2,3,0,0,0,0,0,0,0,0,0,0
1238,120,0,1,0,0,0,0,0,1,0,0,0,0,1,0,0,0,0,0,0
1239,120,0,0,1,0,0,0,1,0,0,0,0,0,0,1,0,0,0,0,0
1240,120,1,1,2,0,0,0,3,1,0,4,0,0,0,0,0,0,0,0,0
1241,120,0,0,0,1,0,0,0,1,0,0,0,0,1,0,0,0,0,0,0
1242,120,0,1,0,0,0,0,0,1,0,1,0,0,0,0,0,0,0,0,0
1243,120,0,1,0,0,0,0,0,1,0,1,0,0,0,0,0,0,0,0,0
1244,120,0,0,1,0,0,0,1,0,0,0,0,0,0,1,0,0,0,0,0
1245,120,0,1,0,0,0,0,0,1,0,0,0,0,1,0,0,0,0,0,0
1246,120,1,0,0,0,0,0,1,0,1,0,0,0,0,0,0,0,0,0,0
1247,120,1,0,0,1,0,0,1,1,2,0,0,0,0,0,0,0,0,0,0
1248,120,0,2,0,0,0,0,0,2,0,0,0,0,2,0,0,0,0,0,0
1249,120,1,1,0,0,0,0,1,1,2,0,0,0,0,0,0,0,0,0,0
1250,120,1,1,0,0,0,0,1,1,2,0,0,0,0,0,0,0,0,0,0
1251,120,0,1,1,0,0,0,1,1,0,2,0,0,0,0,0,0,0,0,0
1252,120,1,0,0,0,0,0,1,0,1,0,0,0,0,0,0,0,0,0,0
1253,120,0,1,1,0,0,0,1,1,0,0,0,2,0,0,0,0,0,0,0
1254,120,0,1,0,0,0,0,0,1,0,0,0,1,0,0,0,0,0,0,0
1255,120,1,0,0,0,0,0,1,0,0,1,0,0,0,0,0,0,0,0,0
1256,120,1,0,0,0,0,0,1,0,0,1,0,0,0,0,0,0,0,0,0
1257,120,1,2,1,2,0,0,2,4,0,6,0,0,0,0,0,0,0,0,0
1258,120,0,0,1,0,0,0,1,0,0,1,0,0,0,0,0,0,0,0,0
1259,120,1,1,0,1,0,0,1,2,0,3,0,0,0,0,0,0,0,0,0
1260,121,0,1,1,0,0,0,1,1,2,0,0,0,0,0,0,0,0,0,0
1261,121,0,2,0,0,0,0,0,2,0,0,0,0,2,0,0,0,0,0,0
1262,121,0,1,0,0,0,0,0,1,1,0,0,0,0,0,0,0,0,0,0
1263,121,0,1,0,0,0,0,0,1,0,1,0,0,0,0,0,0,0,0,0
1264,121,1,0,0,0,0,0,1,0,0,1,0,0,0,0,0,0,0,0,0
1265,122,0,1,0,0,0,0,0,1,1,0,0,0,0,0,0,1,0,0,0
1266,122,0,1,0,1,0,0,0,2,2,0,0,0,0,0,0,0,0,0,0
1267,122,1,0,0,0,0,0,1,0,1,0,0,0,0,0,0,0,0,0,0
1268,122,1,0,0,0,0,0,1,0,0,1,0,0,0,0,0,0,0,0,0
1269,122,0,1,0,0,0,0,0,1,0,0,0,0,1,0,0,0,0,0,0
1270,122,1,1,0,0,0,0,1,1,2,0,0,0,0,0,0,0,0,0,0
1271,122,0,2,0,0,0,0,0,2,0,2,0,0,0,0,0,0,0,0,0
1272,122,0,2,0,0,0,0,0,2,1,0,0,0,1,0,0,0,0,0,0
1273,122,1,1,0,0,0,0,1,1,0,2,0,0,0,0,0,0,0,0,0
1274,122,0,1,0,0,0,0,0,1,0,0,0,0,1,0,0,0,0,0,0
1275,122,1,1,1,1,0,0,2,2,0,4,0,0,0,0,0,0,0,0,0
1276,122,0,1,0,0,0,0,0,1,0,0,0,0,1,0,0,0,0,0,0
1277,122,1,0,0,0,0,0,1,0,1,0,0,0,0,0,0,0,0,0,0
1278,122,0,2,0,0,0,0,0,2,2,0,0,0,0,0,0,0,0,0,0
1279,122,0,0,0,1,0,0,0,1,0,0,0,0,1,0,0,0,0,0,0
1280,122,0,1,0,0,0,0,0,1,0,1,0,0,0,0,0,0,0,0,0
1281,122,0,1,0,0,0,0,0,1,0,1,0,0,0,0,0,0,0,0,0
1282,122,1,0,0,0,0,0,1,0,0,1,0,0,0,0,0,0,0,0,0
1283,122,0,1,0,0,0,0,0,1,0,0,0,1,0,0,0,0,0,0,0
1284,122,0,1,0,0,0,0,0,1,0,0,0,1,0,0,0,0,0,0,0
1285,122,0,1,0,0,0,0,0,1,0,0,0,1,0,0,0,0,0,0,0
1286,122,0,1,0,0,0,0,0,1,0,0,0,1,0,0,0,0,0,0,0
1287,122,1,2,1,1,0,0,2,3,5,0,0,0,0,0,0,0,0,0,0
1288,122,0,2,0,1,0,0,0,3,0,0,0,0,3,0,0,0,0,0,0
1289,122,0,1,0,0,0,0,0,1,0,1,0,0,0,0,0,0,0,0,0
1290,122,0,1,0,0,0,0,0,1,0,0,0,1,0,0,0,0,0,0,0
1291,122,0,1,0,0,0,0,0,1,0,0,0,0,1,0,0,0,0,0,0
1292,122,1,1,1,0,0,0,2,1,3,0,0,0,0,0,0,0,0,0,0
1293,122,1,0,0,0,0,0,1,0,0,0,0,1,0,0,0,0,0,0,0
1294,122,1,0,0,0,0,0,1,0,0,0,0,1,0,0,0,0,0,0,0
1295,122,0,1,0,0,0,0,0,1,0,0,0,1,0,0,0,0,0,0,0
1296,122,0,1,0,0,0,0,0,1,0,0,0,0,1,0,0,0,0,0,0
1297,122,1,0,0,0,0,0,1,0,1,0,0,0,0,0,0,0,0,0,0
1298,123,1,3,4,0,0,0,5,3,8,0,0,0,0,0,0,8,0,0,0
1299,123,0,2,0,0,0,0,0,2,0,0,0,0,2,0,0,2,0,0,0
1300,123,1,1,0,1,0,0,1,2,0,3,0,0,0,0,0,3,0,0,0
1301,124,1,1,1,1,0,0,2,2,4,0,0,0,0,0,0,0,0,0,0
1302,124,0,2,0,0,0,0,0,2,0,0,0,0,2,0,0,0,0,0,0
1303,124,0,0,1,0,0,0,1,0,0,1,0,0,0,0,0,0,0,0,0
1304,124,0,0,1,0,0,0,1,0,0,0,0,0,0,1,0,0,0,0,0
1305,124,1,0,0,0,0,0,1,0,0,0,0,0,1,0,0,0,0,0,0
1306,125,1,1,2,0,0,0,3,1,4,0,0,0,0,0,0,0,0,0,0
1307,125,0,1,0,0,0,0,0,1,0,0,0,0,1,0,0,0,0,0,0
1308,125,0,1,0,0,0,0,0,1,0,1,0,0,0,0,0,0,0,0,0
1309,125,1,1,1,1,0,0,2,2,0,4,0,0,0,0,0,0,0,0,0
1310,125,0,1,0,0,0,0,0,1,0,1,0,0,0,0,0,0,0,0,0
1311,125,1,2,1,0,0,0,2,2,0,4,0,0,0,0,0,0,0,0,0
1312,125,0,1,0,0,0,0,0,1,0,1,0,0,0,0,0,0,0,0,0
1313,125,0,1,0,3,0,0,0,4,0,0,0,4,0,0,0,0,0,0,0
1314,125,0,1,0,0,0,0,0,1,0,1,0,0,0,0,0,0,0,0,0
1315,126,1,1,0,0,0,0,1,1,2,0,0,0,0,0,0,0,0,0,0
1316,126,1,0,0,0,0,0,1,0,0,1,0,0,0,0,0,0,0,0,0
1317,126,0,1,1,0,0,0,1,1,2,0,0,0,0,0,0,0,0,0,0
1318,126,0,1,0,0,0,0,0,1,0,1,0,0,0,0,0,0,0,0,0
1319,126,0,0,0,2,0,0,0,2,2,0,0,0,0,0,0,2,0,0,0
1320,126,0,1,0,0,0,0,0,1,0,0,0,0,1,0,0,1,0,0,0
1321,126,1,1,0,0,0,0,1,1,0,2,0,0,0,0,0,0,0,0,0
1322,126,0,1,0,2,0,0,0,3,0,0,0,0,0,3,0,0,0,0,0
1323,126,1,1,1,0,0,0,2,1,3,0,0,0,0,0,0,0,0,0,0
1324,126,1,1,1,0,0,0,2,1,0,3,0,0,0,0,0,1,0,0,0
1325,126,1,1,0,0,0,0,1,1,1,0,0,0,1,0,0,0,0,0,0
1326,126,1,1,0,1,0,0,1,2,0,0,0,3,0,0,0,0,0,0,0
1327,126,1,1,0,3,0,0,1,4,0,0,0,5,0,0,0,0,0,0,0
1328,126,0,1,0,1,0,0,0,2,0,0,0,2,0,0,0,0,0,0,0
1329,126,1,1,1,1,0,0,2,2,0,4,0,0,0,0,0,0,0,0,1
1330,126,0,1,0,0,0,0,0,1,0,1,0,0,0,0,0,0,0,0,0
1331,126,1,0,0,0,0,0,1,0,0,1,0,0,0,0,0,0,0,0,0
1332,126,0,1,0,0,0,0,0,1,0,1,0,0,0,0,0,0,0,0,0
1333,126,0,1,0,0,0,0,0,1,0,0,0,0,1,0,0,0,0,0,0
1334,126,2,1,4,2,0,0,6,3,9,0,0,0,0,0,0,0,0,0,1
1335,126,0,1,0,0,0,0,0,1,0,0,0,0,1,0,0,0,0,0,0
1336,126,1,1,4,2,0,0,5,3,8,0,0,0,0,0,0,0,0,0,0
1337,127,0,1,0,0,0,0,0,1,0,0,0,0,1,0,0,0,0,0,0
1338,127,0,0,1,0,0,0,1,0,0,0,0,1,0,0,0,0,0,0,0
1339,127,0,0,0,1,0,0,0,1,0,0,0,0,0,1,0,0,0,0,0
1340,127,0,1,0,0,0,0,0,1,0,0,0,1,0,0,0,1,0,0,0
1341,127,0,1,2,1,0,0,2,2,4,0,0,0,0,0,0,4,0,0,0
1342,127,1,0,0,0,0,0,1,0,1,0,0,0,0,0,0,1,0,0,0
1343,127,0,0,0,1,0,0,0,1,0,0,0,0,1,0,0,0,0,0,0
1344,127,0,0,1,1,0,0,1,1,0,0,0,0,0,2,0,0,0,0,0
1345,127,1,1,0,1,0,0,1,2,3,0,0,0,0,0,0,0,0,0,0
1346,127,0,1,0,0,0,0,0,1,1,0,0,0,0,0,0,0,0,0,0
1347,127,1,0,0,0,0,0,1,0,1,0,0,0,0,0,0,0,0,0,0
1348,127,0,1,0,0,0,0,0,1,0,1,0,0,0,0,0,0,0,0,0
1349,127,1,1,2,0,0,0,3,1,4,0,0,0,0,0,0,0,0,0,0
1350,127,0,1,0,0,0,0,0,1,0,0,0,0,1,0,0,0,0,0,0
1351,127,1,0,0,0,0,0,1,0,0,1,0,0,0,0,0,0,0,0,0
1352,127,0,1,0,1,0,0,0,2,0,0,0,2,0,0,0,0,0,0,0
1353,127,0,1,0,0,0,0,0,1,0,0,0,0,0,1,0,0,0,0,0
1354,127,1,0,0,0,0,0,1,0,0,0,0,1,0,0,0,0,0,0,0
1355,127,1,1,0,0,0,0,1,1,0,2,0,0,0,0,0,0,0,0,0
1356,127,1,1,1,0,0,0,2,1,0,0,0,3,0,0,0,0,0,0,0
1357,127,0,0,1,0,0,0,1,0,0,1,0,0,0,0,0,0,0,0,0
1358,127,1,1,0,0,0,0,0,1,0,1,0,0,0,0,0,0,0,0,0
1359,127,1,1,0,0,0,0,1,1,2,0,0,0,0,0,0,0,0,0,0
1360,127,0,1,0,0,0,0,0,1,0,1,0,0,0,0,0,0,0,0,0
1361,127,1,1,0,1,0,0,1,2,3,0,0,0,0,0,0,0,0,0,0
1362,127,0,1,0,0,0,0,0,1,0,0,0,0,1,0,0,0,0,0,0
1363,128,0,1,0,0,0,0,0,1,1,0,0,0,0,0,0,0,0,0,0
1364,128,0,1,0,0,0,0,0,1,1,0,0,0,0,0,0,0,0,0,0
1365,128,1,0,0,0,0,0,1,0,0,0,0,1,0,0,0,0,0,0,0
1366,128,1,1,0,0,0,0,1,1,0,2,0,0,0,0,0,0,0,0,0
1367,128,0,1,0,0,0,0,0,1,0,0,0,1,0,0,0,0,0,0,0
1368,128,0,1,0,0,0,0,0,1,0,0,0,1,0,0,0,0,0,0,0
1369,128,0,1,0,0,0,0,0,1,0,0,0,1,0,0,0,0,0,0,0
1370,128,0,1,0,0,0,0,0,1,0,0,0,1,0,0,0,0,0,0,0
1371,128,0,1,1,1,0,0,1,2,0,0,0,3,0,0,0,0,0,0,0
1372,128,1,0,0,0,0,0,1,0,0,0,0,1,0,0,0,0,0,0,0
1373,128,0,1,0,1,0,0,0,2,0,0,0,2,0,0,0,0,0,0,0
1374,128,0,1,0,0,0,0,0,1,0,0,0,1,0,0,0,0,0,0,0
1375,128,0,1,1,0,0,0,1,1,0,2,0,0,0,0,0,0,0,0,0
1376,128,1,0,0,0,0,0,1,0,0,0,1,0,0,0,0,0,0,0,0
1377,128,1,1,0,2,0,0,1,3,4,0,0,0,0,0,0,0,0,0,0
1378,128,0,1,0,0,0,0,0,1,0,0,0,1,0,0,0,0,0,0,0
1379,128,0,1,0,0,0,0,0,1,0,0,0,0,1,0,0,0,0,0,0
1380,128,0,0,0,1,0,0,0,1,0,0,0,0,1,0,0,0,0,0,0
1381,128,1,1,0,0,0,0,1,1,0,0,0,2,0,0,0,0,0,0,0
1382,128,0,1,0,0,0,0,0,1,0,0,0,0,1,0,0,0,0,0,0
1383,128,1,0,0,0,0,0,1,0,0,1,0,0,0,0,0,0,0,0,0
1384,129,1,1,1,0,0,0,2,1,3,0,0,0,0,0,0,0,0,0,0
1385,129,1,1,3,1,0,0,4,2,0,6,0,0,0,0,0,0,0,0,0
1386,129,1,1,1,0,0,0,2,1,0,3,0,0,0,0,0,0,0,0,0
1387,129,1,1,1,0,0,0,2,1,3,0,0,0,0,0,0,0,0,0,0
1388,129,1,0,1,0,0,0,2,0,0,0,0,2,0,0,0,0,0,0,0
1389,129,0,1,0,0,0,0,0,1,0,0,0,1,0,0,0,0,0,0,0
1390,129,0,1,0,0,0,0,0,1,0,1,0,0,0,0,0,0,0,0,0
1391,129,1,0,0,0,0,0,1,0,0,0,0,1,0,0,0,0,0,0,0
1392,129,0,1,1,0,0,0,1,1,0,0,0,2,0,0,0,0,0,0,0
1393,129,1,0,0,0,0,0,1,0,0,0,0,1,0,0,0,0,0,0,0
1394,129,1,1,3,2,0,0,4,3,7,0,0,0,0,0,0,0,0,0,0
1395,129,0,1,0,0,0,0,0,1,0,1,0,0,0,0,0,0,0,0,0
1396,129,0,0,0,1,0,0,0,1,0,0,0,0,1,0,0,0,0,0,0
1397,129,1,1,1,0,0,0,2,1,0,3,0,0,0,0,0,0,0,0,0
1398,129,1,0,0,0,0,0,1,0,0,1,0,0,0,0,0,0,0,0,1
1399,129,1,1,1,0,0,0,2,1,0,3,0,0,0,0,0,0,0,0,0
1400,129,0,1,0,0,0,0,0,1,0,0,0,1,0,0,0,0,0,0,0
1401,129,1,0,0,0,0,0,1,0,0,0,0,0,0,1,0,0,0,0,0
1402,129,1,1,0,2,0,0,1,3,0,4,0,0,0,0,0,0,0,0,0
1403,129,1,2,0,1,0,0,1,3,4,0,0,0,0,0,0,0,0,0,0
1404,129,0,1,0,0,0,0,0,1,1,0,0,0,0,0,0,0,0,0,0
1405,129,1,1,4,1,0,0,5,2,7,0,0,0,0,0,0,0,0,0,0
1406,129,0,1,0,0,0,0,0,1,0,0,0,1,0,0,0,0,0,0,0
1407,130,1,2,0,0,0,0,1,2,0,3,0,0,0,0,0,0,0,0,0
1408,130,0,1,0,0,0,0,0,1,0,0,0,0,1,0,0,0,0,0,0
1409,130,1,2,2,3,0,0,3,5,0,0,0,0,8,0,0,0,0,0,0
1410,130,0,0,1,0,0,0,1,0,0,0,0,0,1,0,0,0,0,0,0
1411,131,1,1,1,1,0,0,2,2,4,0,0,0,0,0,0,0,0,0,0
1412,131,0,2,0,1,0,0,0,3,0,0,0,0,3,0,0,0,0,0,0
1413,131,1,1,0,0,0,0,1,1,0,0,0,0,2,0,0,0,0,0,0
1414,131,1,1,2,0,0,0,3,1,0,0,0,4,0,0,0,0,0,0,0
1415,133,2,1,0,0,0,0,2,1,0,3,0,0,0,0,0,0,0,0,0
1416,133,0,0,0,1,0,0,0,1,0,0,0,0,1,0,0,0,0,0,0
1417,133,1,1,0,0,0,0,1,1,2,0,0,0,0,0,0,0,0,0,0
1418,133,1,2,0,0,0,0,1,2,0,0,0,0,3,0,0,0,0,0,0
1419,134,1,0,0,0,0,0,1,0,1,0,0,0,0,0,0,0,0,0,0
1420,134,0,0,0,1,0,0,0,1,1,0,0,0,0,0,0,0,0,0,0
1421,134,0,1,0,0,0,0,0,1,1,0,0,0,0,0,0,0,0,0,0
1422,134,1,1,1,0,0,0,2,1,0,3,0,0,0,0,0,0,0,0,0
1423,134,1,0,0,0,0,0,1,0,0,1,0,0,0,0,0,0,0,0,1
1424,134,0,1,0,0,0,0,0,1,1,0,0,0,0,0,0,0,0,0,0
1425,134,1,1,1,5,0,0,2,6,8,0,0,0,0,0,0,0,0,0,0
1426,134,1,0,0,0,0,0,1,0,0,1,0,0,0,0,0,0,0,0,0
1427,134,1,0,0,0,0,0,1,0,0,0,0,1,0,0,0,0,0,0,0
1428,134,0,1,0,0,0,0,0,1,0,0,0,0,1,0,0,0,0,0,0
1429,134,1,0,0,0,0,0,1,0,0,0,0,0,1,0,0,0,0,0,0
1430,134,1,0,0,0,0,0,1,0,0,0,0,0,1,0,0,0,0,0,0
1431,134,1,1,0,0,0,0,1,1,0,2,0,0,0,0,0,0,0,0,0
1432,134,0,0,0,2,0,0,0,2,0,0,0,0,0,2,0,0,0,0,0
1433,135,1,1,0,0,0,0,1,1,0,2,0,0,0,0,0,0,0,0,0
1434,135,1,1,3,1,0,0,4,2,0,6,0,0,0,0,0,0,0,0,0
1435,135,1,0,0,0,0,0,1,0,0,1,0,0,0,0,0,0,0,0,0
1436,135,1,1,3,3,0,0,4,4,0,8,0,0,0,0,0,0,0,0,0
1437,135,1,1,0,1,0,0,1,2,0,3,0,0,0,0,0,0,0,0,0
1438,135,0,0,0,1,0,0,0,1,0,0,0,0,1,0,0,0,0,0,0
1439,135,1,1,2,2,0,0,3,3,0,6,0,0,0,0,0,0,0,0,0
1440,135,1,1,0,0,0,0,1,1,0,2,0,0,0,0,0,0,0,0,0
1441,135,1,0,0,0,0,0,1,0,0,1,0,0,0,0,0,0,0,0,0
1442,135,1,1,1,0,0,0,2,1,0,3,0,0,0,0,0,0,0,0,0
1443,135,0,1,0,0,0,0,0,1,0,0,0,0,1,0,0,0,0,0,0
1444,135,0,1,0,0,0,0,0,1,0,0,0,0,1,0,0,0,0,0,0
1445,135,1,0,0,0,0,0,1,0,0,1,0,0,0,0,0,0,0,0,0
1446,135,1,1,1,1,0,0,2,2,0,4,0,0,0,0,0,0,0,0,0
1447,135,1,0,0,0,0,0,1,0,0,1,0,0,0,0,0,0,0,0,0
1448,135,1,0,0,0,0,0,1,0,0,1,0,0,0,0,0,0,0,0,0
1449,135,0,1,0,0,0,0,0,1,0,0,0,0,1,0,0,0,0,0,0
1450,136,1,1,0,0,0,0,1,1,0,2,0,0,0,0,0,0,0,0,0
1451,136,0,1,0,0,0,0,0,1,0,1,0,0,0,0,0,0,0,0,0
1452,136,1,0,0,0,0,0,1,0,0,1,0,0,0,0,0,0,0,0,0
1453,136,1,1,0,0,0,0,1,1,0,2,0,0,0,0,0,0,0,0,0
1454,136,0,1,0,0,0,0,0,1,0,0,0,1,0,0,0,0,0,0,0
1455,136,0,1,0,0,0,0,0,1,0,0,0,1,0,0,0,0,0,0,0
1456,136,0,0,1,0,0,0,1,0,0,1,0,0,0,0,0,0,0,0,0
1457,136,1,1,1,1,0,0,2,2,0,3,0,0,0,1,0,0,0,0,0
1458,136,0,1,0,0,0,0,0,1,0,0,0,0,1,0,0,0,0,0,0
1459,136,0,1,0,1,0,0,0,2,2,0,0,0,0,0,0,0,0,0,0
1460,136,0,1,0,0,0,0,0,1,0,0,0,0,1,0,0,0,0,0,0
1461,136,0,1,0,0,0,0,0,1,0,0,0,0,1,0,0,0,0,0,0
1462,136,1,1,2,0,0,0,3,1,4,0,0,0,0,0,0,0,0,0,0
1463,136,0,0,1,0,0,0,1,0,0,0,0,0,0,1,0,0,0,0,0
1464,136,0,0,0,1,0,0,0,1,1,0,0,0,0,0,0,0,0,0,0
1465,136,0,2,0,0,0,0,0,2,1,0,0,0,1,0,0,0,0,0,0
1466,136,1,1,0,1,0,0,1,2,3,0,0,0,0,0,0,0,0,0,0
1467,136,1,0,0,0,0,0,1,0,0,0,1,0,0,0,0,0,0,0,0
1468,136,0,1,0,0,0,0,0,1,0,1,0,0,0,0,0,0,0,0,0
1469,136,1,0,0,0,0,0,1,0,0,1,0,0,0,0,0,0,0,0,0
1470,136,1,1,0,0,0,0,1,1,2,0,0,0,0,0,0,0,0,0,0
1471,136,0,1,0,0,0,0,0,1,0,0,0,0,0,0,0,0,0,0,0
1472,136,0,1,0,0,0,0,0,1,0,0,0,0,0,0,0,0,0,0,0
1473,136,1,0,0,0,0,0,1,0,0,1,0,0,0,0,0,0,0,0,0
1474,136,1,0,0,0,0,0,1,0,0,0,0,0,1,0,0,0,0,0,0
1475,136,1,1,3,3,0,0,4,4,8,0,0,0,0,0,0,0,0,0,0
1476,136,0,1,0,0,0,0,0,1,1,0,0,0,0,0,0,0,0,0,0
1477,136,0,1,0,0,0,0,0,1,1,0,0,0,0,0,0,0,0,0,0
1478,136,0,1,0,0,0,0,0,1,0,0,0,0,1,0,0,0,0,0,0
1479,136,0,0,0,1,0,0,0,1,0,0,0,0,0,1,0,0,0,0,0
1480,136,0,0,0,1,0,0,0,1,0,0,0,0,0,1,0,0,0,0,0
1481,138,1,1,1,1,0,0,2,2,0,0,0,4,0,0,0,0,0,0,0
1482,138,0,0,0,1,0,0,0,1,0,0,0,0,1,0,0,0,0,0,0
1483,138,0,1,0,0,0,0,0,1,0,0,0,1,0,0,0,0,0,0,0
1484,138,0,1,0,0,0,0,0,1,0,0,0,1,0,0,0,0,0,0,0
1485,138,0,1,0,0,0,0,0,1,0,0,0,1,0,0,0,0,0,0,0
1486,138,0,0,0,1,0,0,0,1,0,0,0,1,0,0,0,0,0,0,0
1487,138,0,1,0,0,0,0,0,1,0,0,0,0,1,0,0,0,0,0,0
1488,138,1,1,0,0,0,0,1,1,2,0,0,0,0,0,0,0,0,0,0
1489,140,1,1,1,2,0,0,2,3,5,0,0,0,0,0,0,0,0,0,0
1490,140,0,1,0,1,0,0,0,2,0,0,0,0,2,0,0,0,0,0,0
1491,140,1,1,2,1,0,0,3,2,0,5,0,0,0,0,0,0,0,0,0
1492,140,0,1,0,0,0,0,0,1,0,0,0,0,1,0,0,0,0,0,0
1493,140,0,1,0,0,0,0,0,1,0,0,0,0,1,0,0,0,0,0,0
1494,140,0,1,0,0,0,0,0,1,0,0,0,0,1,0,0,0,0,0,0
1495,141,0,1,0,0,0,0,0,1,0,1,0,0,0,0,0,0,0,0,0
1496,141,0,2,0,0,0,0,0,2,0,2,0,0,0,0,0,0,0,0,0
1497,141,0,2,0,0,0,0,0,2,0,2,0,0,0,0,0,0,0,0,0
1498,141,0,2,0,0,0,0,0,2,0,2,0,0,0,0,0,0,0,0,0
1499,141,0,2,0,0,0,0,0,2,0,2,0,0,0,0,0,0,0,0,0
1500,141,0,2,0,0,0,0,0,2,0,2,0,0,0,0,0,0,0,0,0
1501,141,1,0,0,0,0,0,1,0,0,0,0,1,0,0,0,0,0,0,0
1502,141,0,2,0,0,0,0,0,2,0,0,0,0,2,0,0,0,0,0,0
1503,141,0,2,0,0,0,0,0,2,0,0,0,0,2,0,0,0,0,0,0
1504,141,0,2,0,0,0,0,0,2,0,0,0,0,2,0,0,0,0,0,0
1505,141,0,2,0,0,0,0,0,2,0,0,0,0,2,0,0,0,0,0,0
1506,141,0,2,0,0,0,0,0,2,0,0,0,0,2,0,0,0,0,0,0
1507,141,0,1,0,0,0,0,0,1,0,0,0,0,1,0,0,0,0,0,0
1508,141,0,1,0,0,0,0,0,1,0,0,0,0,1,0,0,0,0,0,0
1509,141,0,1,0,0,0,0,0,1,0,0,0,0,1,0,0,0,0,0,0
1510,141,0,1,0,0,0,0,0,1,0,0,0,0,1,0,0,0,0,0,0
1511,141,0,2,0,0,0,0,0,2,0,0,0,0,2,0,0,0,0,0,0
1512,141,0,2,0,0,0,0,0,2,0,0,0,0,2,0,0,0,0,0,0
1513,141,0,2,0,0,0,0,0,2,0,0,0,0,2,0,0,0,0,0,0
1514,141,0,2,0,0,0,0,0,2,0,0,0,0,2,0,0,0,0,0,0
1515,141,0,1,0,0,0,0,0,1,0,0,0,0,1,0,0,0,0,0,0
1516,141,1,0,0,0,0,0,1,0,0,0,0,0,1,0,0,0,0,0,0
1517,143,0,2,0,0,0,0,0,2,0,0,0,0,2,0,0,0,0,0,0
1518,143,1,1,3,5,0,0,4,6,10,0,0,0,0,0,0,0,0,0,0
1519,143,0,1,0,0,0,0,0,1,0,1,0,0,0,0,0,1,0,0,0
1520,143,0,1,0,0,0,0,0,1,0,0,0,0,1,0,0,0,0,0,0
1521,143,0,2,0,0,0,0,0,2,1,0,0,0,1,0,0,0,0,0,0
1522,143,1,0,0,0,0,0,1,0,1,0,0,0,0,0,0,0,0,0,0
1523,143,0,0,0,1,0,0,0,1,1,0,0,0,0,0,0,0,0,0,0
1524,143,1,1,1,3,0,0,2,4,6,0,0,0,0,0,0,0,0,0,0
1525,143,0,1,0,0,0,0,0,1,0,0,0,0,1,0,0,0,0,0,0
1526,143,0,0,0,1,0,0,0,1,1,0,0,0,0,0,0,0,0,0,0
1527,143,1,1,3,2,0,0,4,3,7,0,0,0,0,0,0,0,0,0,0
1528,143,0,1,0,0,0,0,0,1,0,0,0,0,1,0,0,0,0,0,0
1529,143,0,2,0,0,0,0,0,2,1,0,0,0,1,0,0,0,0,0,0
1530,143,0,1,0,0,0,0,0,1,0,1,0,0,0,0,0,0,0,0,0
1531,143,1,2,0,2,0,0,1,4,5,0,0,0,0,0,0,0,0,0,0
1532,143,0,2,0,0,0,0,0,2,0,0,0,0,2,0,0,0,0,0,0
1533,143,0,1,0,0,0,0,0,1,1,0,0,0,0,0,0,0,0,0,0
1534,143,0,1,0,0,0,0,0,1,1,0,0,0,0,0,0,0,0,0,0
1535,143,1,1,0,1,0,0,1,2,3,0,0,0,0,0,0,0,0,0,0
1536,143,0,2,0,0,0,0,0,2,0,0,0,0,2,0,0,0,0,0,0
1537,143,0,2,0,0,0,0,0,2,2,0,0,0,0,0,0,0,0,0,0
1538,143,0,1,0,0,0,0,0,1,0,0,0,0,1,0,0,0,0,0,0
1539,143,1,1,0,0,0,0,1,1,2,0,0,0,0,0,0,0,0,0,0
1540,143,0,1,0,0,0,0,0,1,0,0,0,0,1,0,0,0,0,0,0
1541,143,1,2,0,0,0,0,1,2,2,0,0,0,1,0,0,0,0,0,0
1542,143,1,1,0,2,0,0,1,3,0,4,0,0,0,0,0,0,0,0,0
1543,143,0,1,0,1,0,0,0,2,1,0,0,0,1,0,0,0,0,0,0
1544,143,0,1,0,1,0,0,0,2,0,0,0,2,0,0,0,0,0,0,0
1545,143,1,1,2,0,0,0,3,1,4,0,0,0,0,0,0,0,0,0,0
1546,143,0,1,0,0,0,0,0,1,0,0,0,0,1,0,0,0,0,0,0
1547,143,1,1,1,1,0,0,2,2,4,0,0,0,0,0,0,0,0,0,0
1548,143,0,2,0,0,0,0,0,2,0,0,0,0,2,0,0,0,0,0,0
1549,143,0,3,0,0,0,0,0,3,0,0,0,0,3,0,0,0,0,0,0
1550,143,1,1,1,0,0,0,2,1,0,3,0,0,0,0,0,0,0,0,0
1551,143,0,1,0,0,0,0,0,1,0,0,0,0,1,0,0,0,0,0,0
1552,143,1,1,0,1,0,0,1,2,3,0,0,0,0,0,0,0,0,0,0
1553,143,0,1,0,1,0,0,0,2,0,0,0,0,2,0,0,0,0,0,0
1554,143,0,1,0,1,0,0,0,2,2,0,0,0,0,0,0,0,0,0,0
1555,143,0,1,0,0,0,0,0,1,1,0,0,0,0,0,0,0,0,0,0
1556,143,0,1,0,0,0,0,0,1,1,0,0,0,0,0,0,0,0,0,0
1557,143,0,1,0,1,0,0,0,2,0,0,0,0,0,2,0,0,0,0,0
1558,143,0,2,0,0,0,0,0,2,0,0,0,0,2,0,0,0,0,0,0
1559,143,0,2,0,0,0,0,0,2,0,0,0,0,2,0,0,0,0,0,0
1560,143,0,0,0,1,0,0,0,1,0,0,0,0,1,0,0,0,0,0,0
1561,143,1,1,0,0,0,0,1,1,2,0,0,0,0,0,0,0,0,0,0
1562,143,0,1,0,0,0,0,0,1,0,0,0,0,1,0,0,0,0,0,0
1563,143,1,0,0,0,0,0,1,0,1,0,0,0,0,0,0,0,0,0,0
1564,143,0,1,0,0,0,0,0,1,1,0,0,0,0,0,0,0,0,0,0
1565,143,1,1,3,0,0,0,4,1,5,0,0,0,0,0,0,0,0,0,0
1566,143,0,2,0,0,0,0,0,2,0,0,0,0,2,0,0,0,0,0,0
1567,143,0,1,0,1,0,0,0,2,2,0,0,0,0,0,0,0,0,0,0
1568,143,0,1,0,0,0,0,0,1,0,0,0,0,0,1,0,0,0,0,0
1569,143,0,0,1,0,0,0,1,0,0,1,0,0,0,0,0,0,0,0,0
1570,143,0,0,1,0,0,0,1,0,0,1,0,0,0,0,0,0,0,0,0
1571,143,0,1,0,0,0,0,0,1,1,0,0,0,0,0,0,0,0,0,0
1572,143,1,1,1,1,0,0,2,2,4,0,0,0,0,0,0,0,0,0,0
1573,143,0,1,0,0,0,0,0,1,1,0,0,0,0,0,0,0,0,0,0
1574,143,1,2,0,0,0,0,1,2,3,0,0,0,0,0,0,0,0,0,0
1575,143,0,2,0,0,0,0,0,2,0,0,0,0,2,0,0,0,0,0,0
1576,143,1,0,0,0,0,0,1,0,0,1,0,0,0,0,0,0,0,0,0
1577,143,1,1,2,2,0,0,3,3,0,6,0,0,0,0,0,0,0,0,0
1578,143,0,1,0,0,0,0,0,1,0,1,0,0,0,0,0,0,0,0,0
1579,143,0,1,0,0,0,0,0,1,0,1,0,0,0,0,0,0,0,0,0
1580,143,0,1,0,0,0,0,0,1,0,1,0,0,0,0,0,0,0,0,0
1581,143,0,0,0,1,0,0,0,1,0,0,0,0,1,0,0,0,0,0,0
1582,143,0,1,0,0,0,0,0,1,0,1,0,0,0,0,0,0,0,0,0
1583,143,1,0,0,0,0,0,1,0,0,1,0,0,0,0,0,0,0,0,0
1584,143,0,1,0,0,0,0,0,1,0,1,0,0,0,0,0,0,0,0,0
1585,143,0,1,0,0,0,0,0,1,0,0,0,0,1,0,0,0,0,0,0
1586,143,0,1,0,1,0,0,0,2,0,2,0,0,0,0,0,0,0,0,0
1587,143,0,1,0,0,0,0,0,1,0,1,0,0,0,0,0,0,0,0,0
1588,143,0,1,0,0,0,0,0,1,0,1,0,0,0,0,0,0,0,0,0
1589,143,0,1,0,0,0,0,0,1,0,0,0,1,0,0,0,0,0,0,0
1590,143,0,0,0,1,0,0,0,1,0,0,0,0,0,1,0,0,0,0,0
1591,143,0,1,0,0,0,0,0,1,0,0,0,0,1,0,0,0,0,0,0
1592,143,0,0,1,0,0,0,1,0,0,1,0,0,0,0,0,0,0,0,0
1593,143,1,1,1,1,0,0,2,2,0,0,0,4,0,0,0,0,0,0,0
1594,143,0,1,0,0,0,0,0,1,0,1,0,0,0,0,0,0,0,0,0
1595,143,0,1,0,0,0,0,0,1,0,1,0,0,0,0,0,0,0,0,0
1596,143,1,0,0,0,0,0,1,0,0,1,0,0,0,0,0,0,0,0,0
1597,143,0,2,1,0,0,0,1,2,0,0,0,2,1,0,0,0,0,0,0
1598,143,1,0,0,0,0,0,1,0,0,1,0,0,0,0,0,0,0,0,0
1599,143,1,1,1,1,0,0,2,2,0,4,0,0,0,0,0,0,0,0,0
1600,143,0,1,0,0,0,0,0,1,0,1,0,0,0,0,0,0,0,0,0
1601,143,0,0,0,1,0,0,0,1,0,0,0,0,1,0,0,0,0,0,0
1602,143,1,1,4,0,0,0,5,1,0,6,0,0,0,0,0,0,0,0,0
1603,143,1,1,0,0,0,0,1,1,0,2,0,0,0,0,0,0,0,0,0
1604,143,1,1,0,1,0,0,1,2,0,3,0,0,0,0,0,0,0,0,0
1605,143,1,0,1,0,0,0,2,0,0,0,2,0,0,0,0,0,0,0,0
1606,143,1,1,0,0,0,0,1,1,0,0,0,2,0,0,0,0,0,0,0
1607,143,0,1,0,0,0,0,0,1,0,1,0,0,0,0,0,0,0,0,0
1608,143,4,2,0,0,0,0,4,2,0,0,0,0,6,0,0,0,0,0,2
1609,143,0,0,0,1,0,0,0,1,0,0,0,0,0,1,0,0,0,0,0
1610,143,0,1,0,0,0,0,0,1,0,1,0,0,0,0,0,0,0,0,0
1611,144,0,2,1,1,0,0,1,3,4,0,0,0,0,0,0,0,0,0,0
1612,144,0,1,0,0,0,0,0,1,0,0,0,0,1,0,0,0,0,0,0
1613,144,1,0,0,0,0,0,1,0,1,0,0,0,0,0,0,0,0,0,0
1614,144,1,1,1,2,0,0,2,3,0,0,0,0,5,0,0,0,0,0,0
1615,144,0,1,0,0,0,0,0,1,0,1,0,0,0,0,0,0,0,0,0
1616,144,0,1,0,0,0,0,0,1,0,1,0,0,0,0,0,0,0,0,0
1617,144,1,1,1,2,0,0,2,3,0,0,0,5,0,0,0,0,0,0,0
1618,145,0,1,0,0,0,0,0,1,0,0,0,0,1,0,0,1,0,0,0
1619,145,1,1,0,2,0,0,1,3,0,4,0,0,0,0,0,4,0,0,0
1620,145,1,0,0,0,0,0,1,0,0,0,0,0,1,0,0,1,0,0,0
1621,149,1,1,3,0,0,0,4,1,0,5,0,0,0,0,0,0,0,0,0
1622,149,0,2,0,0,0,0,0,2,0,0,0,0,2,0,0,0,0,0,0
1623,149,0,1,0,0,0,0,0,1,0,1,0,0,0,0,0,0,0,0,0
1624,149,0,1,0,0,0,0,0,1,0,1,0,0,0,0,0,0,0,0,0
1625,149,1,0,0,0,0,0,1,0,1,0,0,0,0,0,0,0,0,0,0
1626,149,0,1,0,0,0,0,0,1,0,1,0,0,0,0,0,0,0,0,0
1627,149,1,0,0,0,0,0,1,0,0,0,0,1,0,0,0,0,0,0,0
1628,150,1,0,0,0,0,0,1,0,1,0,0,0,0,0,0,0,0,0,0
1629,150,1,0,0,0,0,0,1,0,1,0,0,0,0,0,0,0,0,0,0
1630,150,1,1,1,0,0,0,2,1,3,0,0,0,0,0,0,0,0,0,0
1631,150,0,0,0,1,0,0,0,1,0,0,0,0,1,0,0,0,0,0,0
1632,150,1,1,0,1,0,0,1,2,3,0,0,0,0,0,0,0,0,0,0
1633,150,0,1,0,0,0,0,0,1,0,0,0,0,1,0,0,0,0,0,0
1634,150,1,1,0,0,0,0,1,1,2,0,0,0,0,0,0,0,0,0,0
1635,150,0,1,0,0,0,0,0,1,0,0,0,0,1,0,0,0,0,0,0
1636,150,1,0,0,0,0,0,1,0,1,0,0,0,0,0,0,0,0,0,0
1637,150,0,1,0,0,0,0,0,1,0,1,0,0,0,0,0,0,0,0,0
1638,150,0,0,0,1,0,0,0,1,0,1,0,0,0,0,0,0,0,0,0
1639,150,1,1,3,0,0,0,4,1,5,0,0,0,0,0,0,0,0,0,0
1640,150,0,0,0,1,0,0,0,1,0,0,0,0,1,0,0,0,0,0,0
1641,150,1,1,0,1,0,0,1,2,0,3,0,0,0,0,0,0,0,0,0
1642,150,1,1,1,0,0,0,2,1,3,0,0,0,0,0,0,0,0,0,0
1643,150,0,1,0,0,0,0,0,1,0,0,0,0,1,0,0,0,0,0,0
1644,150,1,1,1,1,0,0,2,2,4,0,0,0,0,0,0,0,0,0,0
1645,150,0,1,0,0,0,0,0,1,0,0,0,0,1,0,0,0,0,0,0
1646,150,1,1,0,0,0,0,1,1,2,0,0,0,0,0,0,0,0,0,0
1647,150,0,1,0,1,0,0,0,2,0,0,0,0,2,0,0,0,0,0,0
1648,150,1,0,0,0,0,0,1,0,0,1,0,0,0,0,0,0,0,0,0
1649,150,1,1,2,0,0,0,3,1,4,0,0,0,0,0,0,0,0,0,0
1650,150,0,1,0,0,0,0,0,1,0,0,0,0,1,0,0,0,0,0,0
1651,150,1,1,0,1,0,0,1,2,3,0,0,0,0,0,0,0,0,0,0
1652,150,0,1,0,0,0,0,0,1,0,0,0,0,1,0,0,0,0,0,0
1653,150,1,1,0,0,0,0,1,1,2,0,0,0,0,0,0,0,0,0,0
1654,150,1,0,0,0,0,0,1,0,1,0,0,0,0,0,0,0,0,0,0
1655,150,1,1,0,0,0,0,1,1,2,0,0,0,0,0,0,0,0,0,0
1656,150,1,2,2,4,0,0,3,6,0,0,0,0,9,0,0,0,0,0,0
1657,150,1,1,0,0,0,0,1,1,2,0,0,0,0,0,0,0,0,0,0
1658,150,1,0,0,0,0,0,1,0,0,0,0,0,1,0,0,0,0,0,0
1659,150,1,1,0,0,0,0,1,1,2,0,0,0,0,0,0,0,0,0,0
1660,150,1,1,0,0,0,0,1,1,0,0,0,2,0,0,0,0,0,0,0
1661,150,1,0,1,0,0,0,2,0,0,0,0,2,0,0,0,0,0,0,0
1662,150,1,1,0,0,0,0,1,1,2,0,0,0,0,0,0,0,0,0,0
1663,150,0,1,0,0,0,0,0,1,0,0,0,0,1,0,0,0,0,0,0
1664,150,1,1,1,1,0,0,2,2,4,0,0,0,0,0,0,0,0,0,0
1665,150,1,0,0,0,0,0,1,0,1,0,0,0,0,0,0,0,0,0,0
1666,150,1,1,1,0,0,0,2,1,3,0,0,0,0,0,0,0,0,0,0
1667,150,0,1,0,0,0,0,0,1,0,0,0,0,1,0,0,0,0,0,0
1668,151,0,1,0,1,0,0,0,2,2,0,0,0,0,0,0,0,0,0,0
1669,151,0,1,0,0,0,0,0,1,0,0,0,0,1,0,0,0,0,0,0
1670,151,1,1,1,0,0,0,2,1,0,3,0,0,0,0,0,0,0,0,0
1671,151,0,1,0,0,0,0,0,1,0,0,0,0,0,0,0,0,0,0,0
1672,152,0,1,0,0,0,0,0,1,0,0,0,0,1,0,0,0,0,0,0
1673,152,1,1,0,1,0,0,1,2,0,3,0,0,0,0,0,0,0,0,0
1674,152,0,0,0,1,0,0,0,1,0,0,0,0,0,1,0,0,0,0,0
1675,152,0,0,1,2,0,0,1,2,3,0,0,0,0,0,0,0,0,0,0
1676,152,0,2,0,1,0,0,0,3,0,0,0,0,3,0,0,0,0,0,0
1677,152,1,0,0,0,0,0,1,0,1,0,0,0,0,0,0,0,0,0,0
1678,152,0,1,0,0,0,0,0,1,1,0,0,0,0,0,0,0,0,0,0
1679,152,1,1,1,1,0,0,2,2,4,0,0,0,0,0,0,0,0,0,0
1680,152,0,1,0,0,0,0,0,1,0,0,0,0,1,0,0,0,0,0,0
1681,152,3,0,3,0,0,0,6,0,6,0,0,0,0,0,0,0,0,6,0
1682,152,0,2,0,0,0,0,0,2,0,0,0,0,2,0,0,0,0,0,0
1683,152,2,2,0,0,0,0,2,2,4,0,0,0,0,0,0,1,0,0,0
1684,152,0,1,0,0,0,0,0,1,0,0,0,0,1,0,0,0,0,0,0
1685,152,1,1,2,3,0,0,3,4,7,0,0,0,0,0,0,0,0,7,0
1686,152,0,0,0,1,0,0,0,1,0,0,0,0,1,0,0,0,0,0,0
1687,152,0,1,2,1,0,0,2,2,4,0,0,0,0,0,0,0,0,0,0
1688,152,0,1,0,0,0,0,0,1,0,0,0,0,1,0,0,0,0,0,0
1689,152,0,0,1,1,0,0,1,1,0,0,0,0,0,2,0,0,0,0,0
1690,152,1,1,1,0,0,0,2,1,3,0,0,0,0,0,0,0,0,0,0
1691,152,0,1,0,1,0,0,0,2,0,0,0,0,2,0,0,0,0,0,0
1692,152,1,1,0,0,0,0,1,1,1,0,0,0,1,0,0,0,0,0,0
1693,152,1,1,1,3,0,0,2,4,6,0,0,0,0,0,0,0,0,0,0
1694,152,1,0,0,0,0,0,1,0,0,1,0,0,0,0,0,0,0,0,0
1695,152,0,1,0,0,0,0,0,1,0,0,0,0,1,0,0,0,0,0,0
1696,152,1,1,0,0,0,0,1,1,2,0,0,0,0,0,0,0,0,0,0
1697,152,1,0,0,0,0,0,1,0,0,1,0,0,0,0,0,0,0,0,0
1698,152,0,1,0,0,0,0,0,1,0,1,0,0,0,0,0,0,0,0,0
1699,152,0,0,1,0,0,0,1,0,0,0,0,0,0,1,0,0,0,0,0
1700,152,1,1,0,0,0,0,1,1,2,0,0,0,0,0,0,0,0,0,0
1701,152,0,1,0,0,0,0,0,1,0,0,0,0,1,0,0,0,0,0,0
1702,152,1,1,0,0,0,0,1,1,2,0,0,0,0,0,0,0,0,0,0
1703,152,0,1,0,0,0,0,0,1,1,0,0,0,0,0,0,0,0,0,0
1704,152,0,0,1,0,0,0,1,0,0,0,0,0,1,0,0,0,0,0,0
1705,152,0,1,0,0,0,0,0,1,0,0,0,0,1,0,0,0,0,0,0
1706,152,0,1,0,0,0,0,0,1,0,0,0,0,1,0,0,0,0,0,0
1707,152,0,1,0,0,0,0,0,1,0,0,0,0,1,0,0,0,0,0,0
1708,152,1,1,2,0,0,0,3,1,4,0,0,0,0,0,0,0,0,0,0
1709,152,0,1,0,0,0,0,0,1,0,0,0,0,1,0,0,0,0,0,0
1710,152,0,1,0,1,0,0,0,2,2,0,0,0,0,0,0,0,0,0,0
1711,152,0,1,0,0,0,0,0,1,0,0,0,0,1,0,0,0,0,0,0
1712,152,0,1,0,0,0,0,0,1,0,0,0,0,1,0,0,0,0,0,0
1713,152,1,1,3,1,0,0,4,2,6,0,0,0,0,0,0,0,0,0,0
1714,152,0,1,0,1,0,0,0,2,0,0,0,0,2,0,0,0,0,0,0
1715,152,1,3,0,0,0,0,1,3,4,0,0,0,0,0,0,0,0,0,0
1716,152,1,0,0,0,0,0,1,0,0,0,1,0,0,0,0,0,0,0,0
1717,152,0,1,0,0,0,0,0,1,0,1,0,0,0,0,0,0,0,0,0
1718,152,1,0,0,0,0,0,1,0,0,1,0,0,0,0,0,0,0,0,0
1719,152,1,0,0,0,0,0,1,0,0,1,0,0,0,0,0,0,0,0,0
1720,152,0,1,0,0,0,0,0,1,0,0,0,0,1,0,0,0,0,0,0
1721,152,1,0,0,0,0,0,1,0,1,0,0,0,0,0,0,0,0,0,0
1722,152,0,1,0,0,0,0,0,1,0,0,0,0,1,0,0,0,0,0,0
1723,152,0,1,0,0,0,0,0,1,0,1,0,0,0,0,0,0,0,0,0
1724,152,1,1,1,0,0,0,2,1,3,0,0,0,0,0,0,0,0,0,0
1725,152,0,1,0,0,0,0,0,1,0,0,0,0,1,0,0,0,0,0,0
1726,152,1,0,0,0,0,0,1,0,0,1,0,0,0,0,0,0,0,0,0
1727,152,1,1,0,0,0,0,1,1,0,2,0,0,0,0,0,0,0,0,0
1728,152,0,1,0,0,0,0,0,1,0,0,0,0,1,0,0,0,0,0,0
1729,152,1,1,2,0,0,0,3,1,4,0,0,0,0,0,0,0,0,0,0
1730,152,0,1,1,0,0,0,1,1,2,0,0,0,0,0,0,0,0,0,0
1731,152,0,1,0,1,0,0,0,2,0,0,0,0,2,0,0,0,0,0,0
1732,152,0,1,0,1,0,0,0,2,0,2,0,0,0,0,0,0,0,0,0
1733,152,1,0,0,0,0,0,1,0,0,1,0,0,0,0,0,0,0,0,0
1734,152,1,0,0,0,0,0,1,0,0,1,0,0,0,0,0,0,0,0,0
1735,152,1,0,0,0,0,0,1,0,0,1,0,0,0,0,0,0,0,0,0
1736,152,1,0,0,0,0,0,1,0,0,1,0,0,0,0,0,0,0,0,0
1737,152,1,0,0,0,0,0,1,0,0,0,0,0,0,1,0,0,0,0,0
1738,152,1,1,1,0,0,0,2,1,3,0,0,0,0,0,0,0,0,0,0
1739,152,0,1,0,0,0,0,0,1,0,1,0,0,0,0,0,0,0,0,0
1740,152,1,0,0,0,0,0,1,0,0,1,0,0,0,0,0,0,0,0,0
1741,152,0,1,0,0,0,0,0,1,0,1,0,0,0,0,0,0,0,0,0
1742,152,1,0,0,0,0,0,1,0,0,0,0,1,0,0,0,0,0,0,0
1743,152,0,1,0,0,0,0,0,1,0,0,0,0,1,0,0,0,0,0,0
1744,152,1,0,0,0,0,0,1,0,0,1,0,0,0,0,0,0,0,0,0
1745,152,0,1,0,0,0,0,0,1,0,1,0,0,0,0,0,0,0,0,0
1746,152,0,1,0,0,0,0,0,1,0,1,0,0,0,0,0,0,0,0,0
1747,152,0,1,0,0,0,0,0,1,0,1,0,0,0,0,0,0,0,0,0
1748,152,0,1,0,0,0,0,0,1,0,1,0,0,0,0,0,0,0,0,0
1749,152,0,1,0,0,0,0,0,1,0,1,0,0,0,0,0,0,0,0,0
1750,152,0,1,0,0,0,0,0,1,0,0,0,1,0,0,0,0,0,0,0
1751,152,0,1,0,0,0,0,0,1,1,0,0,0,0,0,0,0,0,0,0
1752,152,0,1,0,0,0,0,0,1,1,0,0,0,0,0,0,0,0,0,0
1753,152,0,1,0,0,0,0,0,1,0,1,0,0,0,0,0,0,0,0,0
1754,152,0,0,0,1,0,0,0,1,0,0,0,0,0,1,0,0,0,0,0
1755,152,0,1,0,0,0,0,0,1,0,0,0,0,0,1,0,0,0,0,0
1756,152,0,1,0,0,0,0,0,1,0,1,0,0,0,0,0,0,0,0,0
1757,152,2,1,0,0,0,0,2,1,0,0,0,3,0,0,0,0,0,0,0
1758,152,1,1,0,1,0,0,1,2,3,0,0,0,0,0,0,0,0,0,0
1759,152,1,0,0,0,0,0,1,0,0,1,0,0,0,0,0,0,0,0,0
1760,152,0,1,0,0,0,0,0,1,0,0,0,1,0,0,0,0,0,0,0
1761,152,0,0,1,0,0,0,1,0,0,0,0,0,0,1,0,0,0,0,0
1762,153,0,0,1,0,0,0,1,0,1,0,0,0,0,0,0,1,0,0,0
1763,153,0,1,0,0,0,0,0,1,0,0,0,0,1,0,0,0,0,0,0
1764,153,2,1,2,2,0,0,4,3,7,0,0,0,0,0,0,7,0,0,0
1765,153,0,1,0,0,0,0,0,1,0,0,0,0,1,0,0,0,0,0,0
1766,153,0,1,0,0,0,0,0,1,0,1,0,0,0,0,0,1,0,0,0
1767,153,0,1,0,0,0,0,0,1,0,0,0,0,1,0,0,0,0,0,0
1768,153,1,1,0,0,0,0,1,1,0,2,0,0,0,0,0,2,0,0,0
1769,153,0,1,0,0,0,0,0,1,0,0,0,0,1,0,0,0,0,0,0
1770,153,0,1,0,0,0,0,0,1,0,0,0,0,0,1,0,0,0,0,0
1771,153,0,0,0,1,0,0,0,1,1,0,0,0,0,0,0,1,0,0,0
1772,153,0,0,0,1,0,0,0,1,1,0,0,0,0,0,0,1,0,0,0
1773,153,0,1,0,0,0,0,0,1,0,1,0,0,0,0,0,0,0,0,0
1774,153,1,1,2,1,0,0,3,2,5,0,0,0,0,0,0,4,0,0,0
1775,153,0,1,0,0,0,0,0,1,0,0,0,0,1,0,0,0,0,0,0
1776,155,1,1,0,1,0,0,1,2,0,3,0,0,0,0,0,0,0,0,0
1777,155,0,1,0,0,0,0,0,1,0,0,0,0,1,0,0,0,0,0,0
1778,155,0,1,0,0,0,0,0,1,0,0,0,0,1,0,0,0,0,0,0
1779,155,0,0,1,0,0,0,1,0,0,0,0,0,1,0,0,0,0,0,0
1780,156,1,1,2,2,0,0,3,3,0,0,0,0,6,0,0,0,0,0,0
1781,156,1,1,0,1,0,0,1,2,0,0,0,3,0,0,0,0,0,0,0
1782,156,1,2,0,1,0,0,1,3,4,0,0,0,0,0,0,0,0,0,0
1783,156,0,1,0,0,0,0,0,1,0,1,0,0,0,0,0,0,0,0,0
1784,156,0,0,1,0,0,0,1,0,0,0,0,0,0,1,0,0,0,0,0
1785,157,1,1,3,1,0,0,4,2,0,0,0,0,6,0,0,0,0,0,0
1786,157,0,1,0,0,0,0,0,1,0,0,0,1,0,0,0,0,0,0,0
1787,157,1,1,0,1,0,0,1,2,0,0,3,0,0,0,0,0,0,0,0
1788,157,1,1,2,0,0,0,3,1,0,0,0,4,0,0,0,0,0,0,0
1789,157,1,1,2,1,0,0,3,2,0,0,5,0,0,0,0,0,0,0,0
1790,157,0,0,0,1,0,0,0,1,0,0,1,0,0,0,0,0,0,0,0
1791,157,2,4,0,0,0,0,2,4,6,0,0,0,0,0,0,0,0,0,1
1792,157,1,1,0,0,0,0,1,1,0,2,0,0,0,0,0,0,0,0,0
1793,162,1,1,0,0,0,0,1,1,0,2,0,0,0,0,0,0,0,0,0
1794,162,0,1,0,0,0,0,0,1,0,1,0,0,0,0,0,0,0,0,0
1795,162,2,2,1,1,0,0,3,3,0,5,0,0,1,0,0,0,0,0,1
1796,162,1,0,0,0,0,0,1,0,0,1,0,0,0,0,0,0,0,0,0
1797,162,1,0,0,0,0,0,1,0,0,1,0,0,0,0,0,0,0,0,0
1798,162,1,0,0,0,0,0,1,0,0,1,0,0,0,0,0,0,0,0,0
1799,162,1,1,1,1,0,0,2,2,0,4,0,0,0,0,0,0,0,0,0
1800,162,0,2,1,0,0,0,1,2,0,3,0,0,0,0,0,0,0,0,0
1801,163,1,1,0,0,0,0,1,1,2,0,0,0,0,0,0,1,0,0,0
1802,163,0,1,0,0,0,0,0,1,0,0,0,0,1,0,0,0,0,0,0
1803,163,1,1,0,0,0,0,1,1,2,0,0,0,0,0,0,0,0,0,0
1804,163,0,1,0,0,0,0,0,1,0,0,0,0,1,0,0,0,0,0,0
1805,163,1,1,0,1,0,0,1,2,0,3,0,0,0,0,0,0,0,0,0
1806,163,1,1,0,1,0,0,1,2,0,3,0,0,0,0,0,0,0,0,0
1807,163,1,1,1,0,0,0,2,1,0,3,0,0,0,0,0,0,0,0,0
1808,163,0,1,0,0,0,0,0,1,0,1,0,0,0,0,0,0,0,0,0
1809,163,1,1,0,1,0,0,1,2,0,3,0,0,0,0,0,0,0,0,0
1810,163,0,0,1,0,0,0,1,0,0,1,0,0,0,0,0,0,0,0,0
1811,167,1,1,1,2,0,0,2,3,5,0,0,0,0,0,0,0,0,0,0
1812,167,0,3,0,1,0,0,0,4,0,0,0,0,4,0,0,0,0,0,0
1813,167,1,2,0,0,0,0,1,2,0,0,0,0,3,0,0,0,0,0,0
1814,167,1,1,1,0,0,0,2,1,0,3,0,0,0,0,0,0,0,0,0
1815,168,1,1,0,1,0,0,1,2,0,3,0,0,0,0,0,0,0,0,0
1816,168,0,1,0,0,0,0,0,1,0,0,0,0,1,0,0,0,0,0,0
1817,173,1,1,1,1,0,0,2,2,4,0,0,0,0,0,0,0,0,0,0
1818,173,0,2,0,0,0,0,0,2,0,0,0,0,2,0,0,0,0,0,0
1819,173,0,0,0,1,0,0,0,1,0,0,0,0,0,1,0,0,0,0,0
1820,173,1,1,1,4,0,0,2,5,7,0,0,0,0,0,0,0,0,0,0
1821,173,0,1,0,1,0,0,0,2,0,0,0,0,2,0,0,0,0,0,0
1822,173,0,0,0,1,0,0,0,1,0,1,0,0,0,0,0,0,0,0,0
1823,173,1,1,2,1,0,0,3,2,5,0,0,0,0,0,0,0,0,0,0
1824,173,0,2,0,0,0,0,0,2,0,0,0,0,2,0,0,0,0,0,0
1825,173,1,0,0,0,0,0,1,0,0,1,0,0,0,0,0,0,0,0,0
1826,173,0,1,0,0,0,0,0,1,1,0,0,0,0,0,0,0,0,0,0
1827,173,1,1,2,4,0,0,3,5,8,0,0,0,0,0,0,0,0,0,0
1828,173,0,2,0,0,0,0,0,2,0,0,0,0,2,0,0,0,0,0,0
1829,173,0,1,0,0,0,0,0,1,1,0,0,0,0,0,0,0,0,0,0
1830,173,1,1,2,5,0,0,3,6,9,0,0,0,0,0,0,0,0,0,0
1831,173,0,1,0,1,0,0,0,2,0,0,0,0,2,0,0,0,0,0,0
1832,173,1,0,0,0,0,0,1,0,1,0,0,0,0,0,0,0,0,0,0
1833,173,1,1,1,1,0,0,2,2,4,0,0,0,0,0,0,0,0,0,0
1834,173,0,1,0,0,0,0,0,1,0,0,0,0,1,0,0,0,0,0,0
1835,173,1,1,2,1,0,0,3,2,5,0,0,0,0,0,0,0,0,0,0
1836,173,0,1,0,0,0,0,0,1,0,0,0,0,1,0,0,0,0,0,0
1837,173,0,1,0,0,0,0,0,1,1,0,0,0,0,0,0,0,0,0,0
1838,173,0,1,0,0,0,0,0,1,1,0,0,0,0,0,0,0,0,0,0
1839,173,0,1,0,0,0,0,0,1,1,0,0,0,0,0,0,0,0,0,0
1840,173,0,1,0,0,0,0,0,1,0,0,0,0,1,0,0,0,0,0,0
1841,173,0,1,0,0,0,0,0,1,0,0,0,0,1,0,0,0,0,0,0
1842,173,1,1,1,0,0,0,2,1,3,0,0,0,0,0,0,0,0,0,0
1843,173,0,1,0,0,0,0,0,1,0,0,0,0,1,0,0,0,0,0,0
1844,173,0,1,0,0,0,0,0,1,1,0,0,0,0,0,0,0,0,0,0
1845,173,0,1,0,0,0,0,0,1,1,0,0,0,0,0,0,0,0,0,0
1846,173,1,1,0,0,0,0,1,1,0,0,0,2,0,0,0,0,0,0,0
1847,173,0,1,0,0,0,0,0,1,0,0,0,0,1,0,0,0,0,0,0
1848,175,2,1,0,0,0,0,2,1,0,3,0,0,0,0,0,0,0,0,0
1849,175,1,0,0,0,0,0,1,0,0,1,0,0,0,0,0,0,0,0,0
1850,175,1,0,0,0,0,0,1,0,0,1,0,0,0,0,0,0,0,0,0
1851,175,1,0,0,0,0,0,1,0,0,1,0,0,0,0,0,0,0,0,0
1852,176,1,1,2,0,0,0,3,1,0,4,0,0,0,0,0,0,0,0,0
1853,176,1,0,2,1,0,0,3,1,0,0,0,4,0,0,0,0,0,0,0
1854,178,0,0,0,1,0,0,0,1,0,0,0,0,0,1,0,0,0,0,0
1855,178,0,2,0,0,0,0,0,2,0,0,0,0,2,0,0,0,0,0,0
1856,178,1,1,0,0,0,0,1,1,2,0,0,0,0,0,0,0,0,0,0
1857,178,0,1,0,0,0,0,0,1,0,0,0,0,1,0,0,0,0,0,0
1858,178,1,0,0,0,0,0,1,0,0,1,0,0,0,0,0,0,0,0,0
1859,178,1,2,0,1,0,0,1,3,4,0,0,0,0,0,0,0,0,0,0
1860,178,0,1,0,0,0,0,0,1,0,0,0,0,1,0,0,0,0,0,0
1861,178,0,1,0,0,0,0,0,1,1,0,0,0,0,0,0,0,0,0,0
1862,178,1,0,0,0,0,0,1,0,1,0,0,0,0,0,0,0,0,0,0
1863,178,0,1,0,2,0,0,0,3,2,0,0,0,1,0,0,0,0,0,0
1864,178,0,1,0,0,0,0,0,1,1,0,0,0,0,0,0,0,0,0,0
1865,178,1,1,2,2,0,0,3,3,6,0,0,0,0,0,0,0,0,0,0
1866,178,0,2,0,0,0,0,0,2,0,0,0,0,2,0,0,0,0,0,0
1867,178,1,1,0,1,0,0,1,2,3,0,0,0,0,0,0,2,0,0,0
1868,178,0,0,0,1,0,0,0,1,0,0,0,0,1,0,0,1,0,0,0
1869,178,1,1,1,1,0,0,2,2,4,0,0,0,0,0,0,0,0,0,0
1870,178,0,1,0,0,0,0,0,1,0,0,0,0,1,0,0,0,0,0,0
1871,178,0,1,0,0,0,0,0,1,0,0,0,0,1,0,0,1,0,0,0
1872,178,1,1,0,1,0,0,1,2,3,0,0,0,0,0,0,0,0,0,0
1873,178,0,1,0,0,0,0,0,1,0,0,0,0,1,0,0,0,0,0,0
1874,178,1,0,0,0,0,0,1,0,1,0,0,0,0,0,0,0,0,0,0
1875,178,1,1,0,1,0,0,1,2,3,0,0,0,0,0,0,0,0,0,0
1876,178,0,1,0,0,0,0,0,1,0,0,0,0,1,0,0,0,0,0,0
1877,178,0,2,0,0,0,0,0,2,0,2,0,0,0,0,0,0,0,0,0
1878,178,0,1,0,0,0,0,0,1,1,0,0,0,0,0,0,0,0,0,0
1879,178,0,1,0,0,0,0,0,1,1,0,0,0,0,0,0,0,0,0,0
1880,178,0,0,0,1,0,0,0,1,0,0,0,0,1,0,0,0,0,0,0
1881,178,0,1,0,0,0,0,0,1,1,0,0,0,0,0,0,0,0,0,0
1882,178,0,0,0,1,0,0,0,1,0,0,0,0,0,1,0,0,0,0,0
1883,178,0,0,0,1,0,0,0,1,0,0,0,0,0,1,0,0,0,0,0
1884,178,0,2,0,0,0,0,0,2,2,0,0,0,0,0,0,2,0,0,0
1885,178,0,1,0,0,0,0,0,1,1,0,0,0,0,0,0,1,0,0,0
1886,178,1,0,0,0,0,0,1,0,1,0,0,0,0,0,0,1,0,0,0
1887,178,0,1,0,0,0,0,0,1,0,1,0,0,0,0,0,1,0,0,0
1888,178,0,0,0,1,0,0,0,1,0,0,0,0,1,0,0,0,0,0,0
1889,178,1,0,0,0,0,0,1,0,0,1,0,0,0,0,0,0,0,0,0
1890,178,1,0,0,0,0,0,1,0,1,0,0,0,0,0,0,0,0,0,0
1891,178,1,3,0,0,0,0,1,3,4,0,0,0,0,0,0,4,0,0,0
1892,178,0,0,0,1,0,0,0,1,0,0,0,0,1,0,0,0,0,0,0
1893,178,1,1,1,1,0,0,2,2,0,4,0,0,0,0,0,0,0,0,0
1894,178,0,1,0,0,0,0,0,1,0,0,0,0,1,0,0,0,0,0,0
1895,178,1,1,0,0,0,0,1,1,2,0,0,0,0,0,0,0,0,0,0
1896,178,0,1,0,0,0,0,0,1,1,0,0,0,0,0,0,0,0,0,0
1897,178,1,1,0,0,0,0,1,1,0,2,0,0,0,0,0,0,0,0,0
1898,178,0,1,0,0,0,0,0,1,0,0,0,0,0,1,0,0,0,0,0
1899,178,1,0,0,0,0,0,1,0,0,1,0,0,0,0,0,0,0,0,0
1900,178,1,0,0,0,0,0,1,0,0,1,0,0,0,0,0,0,0,0,0
1901,178,0,1,0,0,0,0,0,1,0,1,0,0,0,0,0,0,0,0,0
1902,178,0,2,0,0,0,0,0,2,2,0,0,0,0,0,0,0,0,0,0
1903,178,0,1,0,1,0,0,0,2,0,0,0,2,0,0,0,0,0,0,0
1904,178,0,1,0,0,0,0,0,1,0,1,0,0,0,0,0,0,0,0,0
1905,178,0,1,0,0,0,0,0,1,1,0,0,0,0,0,0,0,0,0,0
1906,178,0,0,1,0,0,0,1,0,0,0,0,1,0,0,0,0,0,0,0
1907,178,0,1,0,0,0,0,0,1,0,0,0,1,0,0,0,0,0,0,0
1908,178,0,1,0,0,0,0,0,1,0,0,0,1,0,0,0,0,0,0,0
1909,178,0,0,1,0,0,0,1,0,0,0,0,1,0,0,0,0,0,0,0
1910,178,0,1,0,0,0,0,0,1,1,0,0,0,0,0,0,0,0,0,0
1911,178,1,0,0,0,0,0,1,0,0,1,0,0,0,0,0,0,0,0,0
1912,178,1,1,0,0,0,0,1,1,0,2,0,0,0,0,0,0,0,0,0
1913,178,1,0,0,1,0,0,1,1,2,0,0,0,0,0,0,0,0,0,0
1914,178,0,2,0,0,0,0,0,2,0,2,0,0,0,0,0,0,0,0,0
1915,178,0,1,0,2,0,0,0,3,0,0,0,3,0,0,0,0,0,0,0
1916,178,1,0,0,0,0,0,1,0,0,0,0,1,0,0,0,0,0,0,0
1917,178,1,0,0,0,0,0,1,0,0,0,0,1,0,0,0,0,0,0,0
1918,178,1,1,0,0,0,0,1,1,0,2,0,0,0,0,0,0,0,0,0
1919,178,1,1,0,1,0,0,1,2,3,0,0,0,0,0,0,0,0,0,0
1920,178,0,1,0,0,0,0,0,1,0,0,0,0,1,0,0,0,0,0,0
1921,178,1,1,2,0,0,0,3,1,4,0,0,0,0,0,0,0,0,0,0
1922,178,0,1,0,0,0,0,0,1,0,0,0,0,1,0,0,0,0,0,0
1923,178,1,1,1,3,0,0,2,4,0,0,0,6,0,0,0,0,0,0,0
1924,178,0,2,0,0,0,0,0,2,0,0,0,0,0,2,0,0,0,0,0
1925,178,1,1,1,2,0,0,2,3,0,0,0,0,5,0,0,0,0,0,0
1926,178,0,1,0,0,0,0,0,1,0,0,0,0,1,0,0,0,0,0,0
1927,178,0,1,0,0,0,0,0,1,0,0,0,0,1,0,0,0,0,0,0
1928,178,0,1,0,0,0,0,0,1,0,0,0,0,1,0,0,0,0,0,0
1929,178,1,0,0,0,0,0,1,0,0,0,0,0,1,0,0,0,0,0,0
1930,178,0,1,0,0,0,0,0,1,0,1,0,0,0,0,0,0,0,0,0
